"study","min_fold_parent","reads_before","reads_kept","pct_removed","asvs_before","asvs_kept"
"Brodowski_PRJNA715197",1.5,1436953,868593,39.6,42713,582
"Brodowski_PRJNA715197",4,1436953,972067,32.4,42713,1463
"Brodowski_PRJNA715197",8,1436953,1058239,26.4,42713,3653
"Brodowski_2025",1.5,1577313,1323922,16.1,14420,225
"Brodowski_2025",4,1577313,1326829,15.9,14420,273
"Brodowski_2025",8,1577313,1329536,15.7,14420,460
"Brodowski_2022",1.5,985217,569135,42.2,40775,708
"Brodowski_2022",4,985217,614207,37.7,40775,1653
"Brodowski_2022",8,985217,667711,32.2,40775,3715
"Duber_2025",1.5,2213329,1393675,37,37707,705
"Duber_2025",4,2213329,1442850,34.8,37707,1336
"Duber_2025",8,2213329,1581617,28.5,37707,3374
"Duber_2022",1.5,982974,864820,12,6978,476
"Duber_2022",4,982974,877956,10.7,6978,519
"Duber_2022",8,982974,885453,9.9,6978,663
"Duber_2020",1.5,667033,557763,16.4,13920,1808
"Duber_2020",4,667033,561853,15.8,13920,2055
"Duber_2020",8,667033,572622,14.2,13920,2750
