"study","genus","mean_pct_fold_1.5","mean_pct_fold_8","rank_fold_1.5","rank_fold_8","difference_pct_points"
"Brodowski_PRJNA715197","Acinetobacter",36.35,32.66,1,1,-3.69
"Brodowski_PRJNA715197","Caproiciproducens",29.89,31.72,2,2,1.83
"Brodowski_PRJNA715197","Acetobacter",8.62,8.86,3,3,0.24
"Brodowski_PRJNA715197","UCG-004",3.92,3.64,4,4,-0.28
"Brodowski_PRJNA715197","Actinomyces",3.19,2.86,5,6,-0.33
"Brodowski_PRJNA715197","Clostridium sensu stricto 12",1.84,1.55,6,7,-0.29
"Brodowski_PRJNA715197","Rhodococcus",1.55,1.3,7,8,-0.25
"Brodowski_PRJNA715197","Oscillibacter",1.41,1.17,8,10,-0.24
"Brodowski_PRJNA715197","Pseudoclavibacter",1.41,1.2,9,9,-0.21
"Brodowski_PRJNA715197","Methanobrevibacter",1.31,1.11,10,11,-0.2
"Brodowski_PRJNA715197","Unclassified (unknown family)",1.09,2.89,12,5,1.8
"Brodowski_2022","Caproiciproducens",28.83,28.91,1,1,0.0800000000000018
"Brodowski_2022","Acetobacter",14.99,13.17,2,2,-1.82
"Brodowski_2022","UCG-004",4.55,4.37,3,4,-0.18
"Brodowski_2022","Lactobacillus",4.52,4.39,4,3,-0.13
"Brodowski_2022","Prevotella_7",4.46,4.34,5,5,-0.12
"Brodowski_2022","Oscillibacter",4.29,4.08,6,6,-0.21
"Brodowski_2022","Acinetobacter",4,3.48,7,7,-0.52
"Brodowski_2022","Citrobacter",3.41,3.46,8,8,0.0499999999999998
"Brodowski_2022","Pseudoclavibacter",2.95,2.51,9,10,-0.44
"Brodowski_2022","Clostridium sensu stricto 12",2.66,2.32,10,12,-0.34
"Brodowski_2022","Unclassified (Enterobacteriaceae)",2.17,3.02,13,9,0.85
"Duber_2025","Caproiciproducens",28.17,29.38,1,1,1.21
"Duber_2025","Lacticaseibacillus",18.96,17.69,2,2,-1.27
"Duber_2025","Bacillus",12.38,11.51,3,3,-0.870000000000001
"Duber_2025","Actinomyces",8.43,7.43,4,4,-1
"Duber_2025","Clostridium sensu stricto 12",5.65,5.19,5,6,-0.46
"Duber_2025","Unclassified (unknown family)",5.44,6.59,6,5,1.15
"Duber_2025","Thermoanaerobacterium",5.15,4.95,7,7,-0.2
"Duber_2025","Clostridium sensu stricto 1",1.81,1.64,8,8,-0.17
"Duber_2025","Clostridium sensu stricto 10",1.65,1.51,9,9,-0.14
"Duber_2025","Pseudoclostridium",1.41,1.36,10,11,-0.0499999999999998
"Duber_2025","Unclassified (Lachnospiraceae)",1.4,1.37,11,10,-0.0299999999999998
