Paper_ID,Sample_ID,column,old_value,new_value,source,reason
Brodowski_2022,SRR18962135,Lactate,7,17,"Brodowski STOTEN2022 Influence of lactate to acetate ratio.xlsx, sheet B2, day 27: 16.9183","Chemistry was copied from reactor B1 on the same day; sample is B2 (audit 2026-10-06, confirmed). Value = B2 sheet (mM C) rounded to integer, as for the other rows of this study."
Brodowski_2022,SRR18962135,Acetate,365,3,"Brodowski STOTEN2022 Influence of lactate to acetate ratio.xlsx, sheet B2, day 27: 2.6644","Chemistry was copied from reactor B1 on the same day; sample is B2 (audit 2026-10-06, confirmed). Value = B2 sheet (mM C) rounded to integer, as for the other rows of this study."
Brodowski_2022,SRR18962135,Butyrate,90,23,"Brodowski STOTEN2022 Influence of lactate to acetate ratio.xlsx, sheet B2, day 27: 23.1529","Chemistry was copied from reactor B1 on the same day; sample is B2 (audit 2026-10-06, confirmed). Value = B2 sheet (mM C) rounded to integer, as for the other rows of this study."
Brodowski_2022,SRR18962135,Valerate,0,13,"Brodowski STOTEN2022 Influence of lactate to acetate ratio.xlsx, sheet B2, day 27: 13.4632","Chemistry was copied from reactor B1 on the same day; sample is B2 (audit 2026-10-06, confirmed). Value = B2 sheet (mM C) rounded to integer, as for the other rows of this study."
Brodowski_2022,SRR18962135,Caproate,125,92,"Brodowski STOTEN2022 Influence of lactate to acetate ratio.xlsx, sheet B2, day 27: 92.3037","Chemistry was copied from reactor B1 on the same day; sample is B2 (audit 2026-10-06, confirmed). Value = B2 sheet (mM C) rounded to integer, as for the other rows of this study."
Brodowski_2022,SRR18962135,Heptanoate,0,8,"Brodowski STOTEN2022 Influence of lactate to acetate ratio.xlsx, sheet B2, day 27: 7.5818","Chemistry was copied from reactor B1 on the same day; sample is B2 (audit 2026-10-06, confirmed). Value = B2 sheet (mM C) rounded to integer, as for the other rows of this study."
Brodowski_2022,SRR18962135,Caprylate,1,3,"Brodowski STOTEN2022 Influence of lactate to acetate ratio.xlsx, sheet B2, day 27: 2.7183","Chemistry was copied from reactor B1 on the same day; sample is B2 (audit 2026-10-06, confirmed). Value = B2 sheet (mM C) rounded to integer, as for the other rows of this study."
Brodowski_2022,SRR18962134,Lactate,7,3,"Brodowski STOTEN2022 Influence of lactate to acetate ratio.xlsx, sheet B2, day 39: 2.6976","Chemistry was copied from reactor B1 on the same day; sample is B2 (audit 2026-10-06, confirmed). Value = B2 sheet (mM C) rounded to integer, as for the other rows of this study."
Brodowski_2022,SRR18962134,Acetate,407,58,"Brodowski STOTEN2022 Influence of lactate to acetate ratio.xlsx, sheet B2, day 39: 58.0516","Chemistry was copied from reactor B1 on the same day; sample is B2 (audit 2026-10-06, confirmed). Value = B2 sheet (mM C) rounded to integer, as for the other rows of this study."
Brodowski_2022,SRR18962134,Butyrate,91,48,"Brodowski STOTEN2022 Influence of lactate to acetate ratio.xlsx, sheet B2, day 39: 47.8947","Chemistry was copied from reactor B1 on the same day; sample is B2 (audit 2026-10-06, confirmed). Value = B2 sheet (mM C) rounded to integer, as for the other rows of this study."
Brodowski_2022,SRR18962134,Isovalerate,2,1,"Brodowski STOTEN2022 Influence of lactate to acetate ratio.xlsx, sheet B2, day 39: 1.2729","Chemistry was copied from reactor B1 on the same day; sample is B2 (audit 2026-10-06, confirmed). Value = B2 sheet (mM C) rounded to integer, as for the other rows of this study."
Brodowski_2022,SRR18962134,Valerate,1,3,"Brodowski STOTEN2022 Influence of lactate to acetate ratio.xlsx, sheet B2, day 39: 2.8885","Chemistry was copied from reactor B1 on the same day; sample is B2 (audit 2026-10-06, confirmed). Value = B2 sheet (mM C) rounded to integer, as for the other rows of this study."
Brodowski_2022,SRR18962134,Heptanoate,0,1,"Brodowski STOTEN2022 Influence of lactate to acetate ratio.xlsx, sheet B2, day 39: 1.3981","Chemistry was copied from reactor B1 on the same day; sample is B2 (audit 2026-10-06, confirmed). Value = B2 sheet (mM C) rounded to integer, as for the other rows of this study."
Brodowski_2022,SRR18962134,Caprylate,1,2,"Brodowski STOTEN2022 Influence of lactate to acetate ratio.xlsx, sheet B2, day 39: 1.8307","Chemistry was copied from reactor B1 on the same day; sample is B2 (audit 2026-10-06, confirmed). Value = B2 sheet (mM C) rounded to integer, as for the other rows of this study."
Brodowski_2022,SRR18962133,Lactate,8,5,"Brodowski STOTEN2022 Influence of lactate to acetate ratio.xlsx, sheet B2, day 52: 4.7624","Chemistry was copied from reactor B1 on the same day; sample is B2 (audit 2026-10-06, confirmed). Value = B2 sheet (mM C) rounded to integer, as for the other rows of this study."
Brodowski_2022,SRR18962133,Acetate,430,146,"Brodowski STOTEN2022 Influence of lactate to acetate ratio.xlsx, sheet B2, day 52: 146.3447","Chemistry was copied from reactor B1 on the same day; sample is B2 (audit 2026-10-06, confirmed). Value = B2 sheet (mM C) rounded to integer, as for the other rows of this study."
Brodowski_2022,SRR18962133,Propionate,0,1,"Brodowski STOTEN2022 Influence of lactate to acetate ratio.xlsx, sheet B2, day 52: 0.7289","Chemistry was copied from reactor B1 on the same day; sample is B2 (audit 2026-10-06, confirmed). Value = B2 sheet (mM C) rounded to integer, as for the other rows of this study."
Brodowski_2022,SRR18962133,Butyrate,71,70,"Brodowski STOTEN2022 Influence of lactate to acetate ratio.xlsx, sheet B2, day 52: 69.5040","Chemistry was copied from reactor B1 on the same day; sample is B2 (audit 2026-10-06, confirmed). Value = B2 sheet (mM C) rounded to integer, as for the other rows of this study."
Brodowski_2022,SRR18962133,Valerate,0,1,"Brodowski STOTEN2022 Influence of lactate to acetate ratio.xlsx, sheet B2, day 52: 1.1750","Chemistry was copied from reactor B1 on the same day; sample is B2 (audit 2026-10-06, confirmed). Value = B2 sheet (mM C) rounded to integer, as for the other rows of this study."
Brodowski_2022,SRR18962133,Caproate,153,132,"Brodowski STOTEN2022 Influence of lactate to acetate ratio.xlsx, sheet B2, day 52: 131.9731","Chemistry was copied from reactor B1 on the same day; sample is B2 (audit 2026-10-06, confirmed). Value = B2 sheet (mM C) rounded to integer, as for the other rows of this study."
Brodowski_2022,SRR18962133,Caprylate,0,1,"Brodowski STOTEN2022 Influence of lactate to acetate ratio.xlsx, sheet B2, day 52: 1.2759","Chemistry was copied from reactor B1 on the same day; sample is B2 (audit 2026-10-06, confirmed). Value = B2 sheet (mM C) rounded to integer, as for the other rows of this study."
Duber_2024,SRR28047188,PH,6.5,5.5,"Author file 2024_Single vs two stage (WV R2) and SRA metadata PRJNA1079195 (run sample name WVR2dNNN, ph and temp fields)","R2 pH is 5.5 throughout; 6.5 matches R1 on the same day (audit 2026-10-06, confirmed)."
Duber_2024,SRR28047186,PH,6.5,5.5,"Author file 2024_Single vs two stage (WV R2) and SRA metadata PRJNA1079195 (run sample name WVR2dNNN, ph and temp fields)","R2 pH is 5.5 throughout; 6.5 matches R1 on the same day (audit 2026-10-06, confirmed)."
Duber_2024,SRR28047185,PH,6.5,5.5,"Author file 2024_Single vs two stage (WV R2) and SRA metadata PRJNA1079195 (run sample name WVR2dNNN, ph and temp fields)","R2 pH is 5.5 throughout; 6.5 matches R1 on the same day (audit 2026-10-06, confirmed)."
Duber_2024,SRR28047184,PH,6.5,5.5,"Author file 2024_Single vs two stage (WV R2) and SRA metadata PRJNA1079195 (run sample name WVR2dNNN, ph and temp fields)","R2 pH is 5.5 throughout; 6.5 matches R1 on the same day (audit 2026-10-06, confirmed)."
Duber_2024,SRR28047183,PH,6.5,5.5,"Author file 2024_Single vs two stage (WV R2) and SRA metadata PRJNA1079195 (run sample name WVR2dNNN, ph and temp fields)","R2 pH is 5.5 throughout; 6.5 matches R1 on the same day (audit 2026-10-06, confirmed)."
Duber_2024,SRR28047182,PH,6.5,5.5,"Author file 2024_Single vs two stage (WV R2) and SRA metadata PRJNA1079195 (run sample name WVR2dNNN, ph and temp fields)","R2 pH is 5.5 throughout; 6.5 matches R1 on the same day (audit 2026-10-06, confirmed)."
Duber_2024,SRR28047178,PH,6.5,5.5,"Author file 2024_Single vs two stage (WV R2) and SRA metadata PRJNA1079195 (run sample name WVR2dNNN, ph and temp fields)","R2 pH is 5.5 throughout; 6.5 matches R1 on the same day (audit 2026-10-06, confirmed)."
Duber_2024,SRR28047177,PH,6.5,5.5,"Author file 2024_Single vs two stage (WV R2) and SRA metadata PRJNA1079195 (run sample name WVR2dNNN, ph and temp fields)","R2 pH is 5.5 throughout; 6.5 matches R1 on the same day (audit 2026-10-06, confirmed)."
Duber_2024,SRR28047175,PH,6.5,5.5,"Author file 2024_Single vs two stage (WV R2) and SRA metadata PRJNA1079195 (run sample name WVR2dNNN, ph and temp fields)","R2 pH is 5.5 throughout; 6.5 matches R1 on the same day (audit 2026-10-06, confirmed)."
Duber_2024,SRR28047181,TEMP,37,50,"Author file 2024_Single vs two stage (WV R2) and SRA metadata PRJNA1079195 (run sample name WVR2dNNN, ph and temp fields)","R2 runs at 50 C from day 80 (paper; SRA temp field 50 on days 105-158) (audit 2026-10-06, confirmed)."
Duber_2024,SRR28047180,TEMP,37,50,"Author file 2024_Single vs two stage (WV R2) and SRA metadata PRJNA1079195 (run sample name WVR2dNNN, ph and temp fields)","R2 runs at 50 C from day 80 (paper; SRA temp field 50 on days 105-158) (audit 2026-10-06, confirmed)."
Duber_2024,SRR28047179,TEMP,37,50,"Author file 2024_Single vs two stage (WV R2) and SRA metadata PRJNA1079195 (run sample name WVR2dNNN, ph and temp fields)","R2 runs at 50 C from day 80 (paper; SRA temp field 50 on days 105-158) (audit 2026-10-06, confirmed)."
Duber_2024,SRR28047178,TEMP,37,50,"Author file 2024_Single vs two stage (WV R2) and SRA metadata PRJNA1079195 (run sample name WVR2dNNN, ph and temp fields)","R2 runs at 50 C from day 80 (paper; SRA temp field 50 on days 105-158) (audit 2026-10-06, confirmed)."
Duber_2024,SRR28047177,TEMP,37,50,"Author file 2024_Single vs two stage (WV R2) and SRA metadata PRJNA1079195 (run sample name WVR2dNNN, ph and temp fields)","R2 runs at 50 C from day 80 (paper; SRA temp field 50 on days 105-158) (audit 2026-10-06, confirmed)."
Duber_2024,SRR28047175,TEMP,37,50,"Author file 2024_Single vs two stage (WV R2) and SRA metadata PRJNA1079195 (run sample name WVR2dNNN, ph and temp fields)","R2 runs at 50 C from day 80 (paper; SRA temp field 50 on days 105-158) (audit 2026-10-06, confirmed)."
Duber_2022,SRR18079352,BIOREACTOR,R1,R2,"SRA metadata PRJNA808231 (sample name M-LA: lactose code O = none, M = 4.5 mM, L = 9 mM) and paper Table 1 trial numbering","Trial label shifted; the chemistry is right and comes from the bottle with this lactose dose (audit 2026-10-06, confirmed). The 9 shared inoculum rows (SRR18079370) keep their labels."
Duber_2022,SRR18079368,BIOREACTOR,R1,R2,"SRA metadata PRJNA808231 (sample name M-LA-2: lactose code O = none, M = 4.5 mM, L = 9 mM) and paper Table 1 trial numbering","Trial label shifted; the chemistry is right and comes from the bottle with this lactose dose (audit 2026-10-06, confirmed). The 9 shared inoculum rows (SRR18079370) keep their labels."
Duber_2022,SRR18079358,BIOREACTOR,R2,R3,"SRA metadata PRJNA808231 (sample name L-LA: lactose code O = none, M = 4.5 mM, L = 9 mM) and paper Table 1 trial numbering","Trial label shifted; the chemistry is right and comes from the bottle with this lactose dose (audit 2026-10-06, confirmed). The 9 shared inoculum rows (SRR18079370) keep their labels."
Duber_2022,SRR18079357,BIOREACTOR,R2,R3,"SRA metadata PRJNA808231 (sample name L-LA-2: lactose code O = none, M = 4.5 mM, L = 9 mM) and paper Table 1 trial numbering","Trial label shifted; the chemistry is right and comes from the bottle with this lactose dose (audit 2026-10-06, confirmed). The 9 shared inoculum rows (SRR18079370) keep their labels."
Duber_2022,SRR18079363,BIOREACTOR,R3,R1,"SRA metadata PRJNA808231 (sample name O-LA: lactose code O = none, M = 4.5 mM, L = 9 mM) and paper Table 1 trial numbering","Trial label shifted; the chemistry is right and comes from the bottle with this lactose dose (audit 2026-10-06, confirmed). The 9 shared inoculum rows (SRR18079370) keep their labels."
Duber_2022,SRR18079362,BIOREACTOR,R3,R1,"SRA metadata PRJNA808231 (sample name O-LA-2: lactose code O = none, M = 4.5 mM, L = 9 mM) and paper Table 1 trial numbering","Trial label shifted; the chemistry is right and comes from the bottle with this lactose dose (audit 2026-10-06, confirmed). The 9 shared inoculum rows (SRR18079370) keep their labels."
Duber_2022,SRR18079354,BIOREACTOR,R4,R5,"SRA metadata PRJNA808231 (sample name M-Et: lactose code O = none, M = 4.5 mM, L = 9 mM) and paper Table 1 trial numbering","Trial label shifted; the chemistry is right and comes from the bottle with this lactose dose (audit 2026-10-06, confirmed). The 9 shared inoculum rows (SRR18079370) keep their labels."
Duber_2022,SRR18079353,BIOREACTOR,R4,R5,"SRA metadata PRJNA808231 (sample name M-Et-2: lactose code O = none, M = 4.5 mM, L = 9 mM) and paper Table 1 trial numbering","Trial label shifted; the chemistry is right and comes from the bottle with this lactose dose (audit 2026-10-06, confirmed). The 9 shared inoculum rows (SRR18079370) keep their labels."
Duber_2022,SRR18079369,BIOREACTOR,R5,R6,"SRA metadata PRJNA808231 (sample name L-Et: lactose code O = none, M = 4.5 mM, L = 9 mM) and paper Table 1 trial numbering","Trial label shifted; the chemistry is right and comes from the bottle with this lactose dose (audit 2026-10-06, confirmed). The 9 shared inoculum rows (SRR18079370) keep their labels."
Duber_2022,SRR18079359,BIOREACTOR,R5,R6,"SRA metadata PRJNA808231 (sample name L-Et-2: lactose code O = none, M = 4.5 mM, L = 9 mM) and paper Table 1 trial numbering","Trial label shifted; the chemistry is right and comes from the bottle with this lactose dose (audit 2026-10-06, confirmed). The 9 shared inoculum rows (SRR18079370) keep their labels."
Duber_2022,SRR18079365,BIOREACTOR,R6,R4,"SRA metadata PRJNA808231 (sample name O-Et: lactose code O = none, M = 4.5 mM, L = 9 mM) and paper Table 1 trial numbering","Trial label shifted; the chemistry is right and comes from the bottle with this lactose dose (audit 2026-10-06, confirmed). The 9 shared inoculum rows (SRR18079370) keep their labels."
Duber_2022,SRR18079364,BIOREACTOR,R6,R4,"SRA metadata PRJNA808231 (sample name O-Et-2: lactose code O = none, M = 4.5 mM, L = 9 mM) and paper Table 1 trial numbering","Trial label shifted; the chemistry is right and comes from the bottle with this lactose dose (audit 2026-10-06, confirmed). The 9 shared inoculum rows (SRR18079370) keep their labels."
Duber_2022,SRR18079367,BIOREACTOR,R7,R8,"SRA metadata PRJNA808231 (sample name M-LA-Et: lactose code O = none, M = 4.5 mM, L = 9 mM) and paper Table 1 trial numbering","Trial label shifted; the chemistry is right and comes from the bottle with this lactose dose (audit 2026-10-06, confirmed). The 9 shared inoculum rows (SRR18079370) keep their labels."
Duber_2022,SRR18079366,BIOREACTOR,R7,R8,"SRA metadata PRJNA808231 (sample name M-LA-Et-2: lactose code O = none, M = 4.5 mM, L = 9 mM) and paper Table 1 trial numbering","Trial label shifted; the chemistry is right and comes from the bottle with this lactose dose (audit 2026-10-06, confirmed). The 9 shared inoculum rows (SRR18079370) keep their labels."
Duber_2022,SRR18079356,BIOREACTOR,R8,R9,"SRA metadata PRJNA808231 (sample name L-LA-Et: lactose code O = none, M = 4.5 mM, L = 9 mM) and paper Table 1 trial numbering","Trial label shifted; the chemistry is right and comes from the bottle with this lactose dose (audit 2026-10-06, confirmed). The 9 shared inoculum rows (SRR18079370) keep their labels."
Duber_2022,SRR18079355,BIOREACTOR,R8,R9,"SRA metadata PRJNA808231 (sample name L-LA-Et-2: lactose code O = none, M = 4.5 mM, L = 9 mM) and paper Table 1 trial numbering","Trial label shifted; the chemistry is right and comes from the bottle with this lactose dose (audit 2026-10-06, confirmed). The 9 shared inoculum rows (SRR18079370) keep their labels."
Duber_2022,SRR18079361,BIOREACTOR,R9,R7,"SRA metadata PRJNA808231 (sample name O-LA-Et: lactose code O = none, M = 4.5 mM, L = 9 mM) and paper Table 1 trial numbering","Trial label shifted; the chemistry is right and comes from the bottle with this lactose dose (audit 2026-10-06, confirmed). The 9 shared inoculum rows (SRR18079370) keep their labels."
Duber_2022,SRR18079360,BIOREACTOR,R9,R7,"SRA metadata PRJNA808231 (sample name O-LA-Et-2: lactose code O = none, M = 4.5 mM, L = 9 mM) and paper Table 1 trial numbering","Trial label shifted; the chemistry is right and comes from the bottle with this lactose dose (audit 2026-10-06, confirmed). The 9 shared inoculum rows (SRR18079370) keep their labels."
Hanna_2025,sample_C2,BIOREACTOR,B2,B1,"metadata_Expanding the product_Prusak.xlsx (SUCC_META, reactor r1) and SRA metadata PRJNA1222907 (name R1_d150)","Labelled B2 but is reactor 1, day 150; its chemistry is already reactor 1's (audit 2026-10-06, confirmed). Applied when the Nanopore rows are merged (Stage 5)."
Hanna_2025,sample_C3,BIOREACTOR,B2,B1,"metadata_Expanding the product_Prusak.xlsx (SUCC_META, reactor r1) and SRA metadata PRJNA1222907 (name R1_d150)","Labelled B2 but is reactor 1, day 150; its chemistry is already reactor 1's (audit 2026-10-06, confirmed). Applied when the Nanopore rows are merged (Stage 5)."
