Paper_ID,Sample_ID,BIOREACTOR,Operation_Mode,DAY,Lactate,Lactose,succinate,Acetate,Propionate,Isobutyrate,Butyrate,Isovalerate,Valerate,Isocaproate,Caproate,Heptanoate,Caprylate,Ethanol,i-propanol,Propanol,izo-butanol,Butanol,PH,TEMP,HRT,NAOH,Feed_Complexity,Primary_Carbon_Signature,g__Acetobacter,g__Achromobacter,g__Acinetobacter,g__Actinomyces,g__Alcaligenes,g__Anaerocolumna,g__Anaerofilum,g__Anaerostignum,g__Aquamicrobium,g__Atopobium,g__Bacillus,g__Bacteroides,g__Bifidobacterium,g__Bordetella,g__Brevundimonas,g__Brucella,g__Caproiciproducens,g__Citrobacter,g__Clostridium_sensu_stricto_1,g__Clostridium_sensu_stricto_10,g__Clostridium_sensu_stricto_11,g__Clostridium_sensu_stricto_12,g__Clostridium_sensu_stricto_16,g__Clostridium_sensu_stricto_2,g__Clostridium_sensu_stricto_3,g__Desulfovibrio,g__Dialister,g__Erysipelotrichaceae_UCG-006,g__Escherichia-Shigella,g__Eubacterium_fissicatena_group,g__Eubacterium_nodatum_group,g__Fonticella,g__Herbinix,g__Incertae_Sedis,g__Intestinimonas,g__Lacticaseibacillus,g__Lactobacillus,g__Lactococcus,g__Lentilactobacillus,g__Lysinibacillus,g__Methanobrevibacter,g__Moryella,g__Ochrobactrum,g__Olsenella,g__Orrella,g__Oscillibacter,g__Parabacteroides,g__Paralcaligenes,g__Pectinatus,g__Pediococcus,g__Prevotella_7,g__Prevotellaceae_UCG-004,g__Pseudoclavibacter,g__Rhodococcus,g__Rummeliibacillus,g__Schleiferilactobacillus,g__Sedimentibacter,g__Sphaerochaeta,g__Stenotrophomonas,g__Sutterella,g__Thermoanaerobacterium,g__Tissierella,g__Tuzzerella,g__UCG-004,g__Unclassified
Brodowski_2025,SRR28044236,B1,CSTR,26,3.0,,,42.0,0.0,1.0,24.0,1.0,1.0,0.0,160.0,0.0,2.0,0.0,,0.0,,0.0,5.5,30,4.0,,Defined Synthetic Media,Lactate + Acetate,0,0,0,0,0,0,0,0,0,0,0,0,0,0,2263,37,63297,0,37,0,0,7720,0,42,0,0,0,0,0,0,0,0,0,116,0,0,0,0,0,315,0,0,60,0,0,4925,0,0,0,0,0,0,0,49,215,0,0,0,53,0,0,0,0,0,4157
Brodowski_2025,SRR28044235,B1,CSTR,54,4.0,,,59.0,0.0,1.0,34.0,1.0,0.0,0.0,180.0,0.0,3.0,0.0,,0.0,,0.0,6.0,30,4.0,,Defined Synthetic Media,Lactate + Acetate,0,0,0,0,0,81,0,0,0,0,0,0,0,0,5723,976,46619,0,76,0,0,12633,0,32,34,0,0,0,0,0,0,0,33,111,0,0,0,0,0,1007,0,0,577,0,0,8408,0,0,0,0,0,0,0,682,61,0,147,0,1854,0,0,0,0,0,1482
Brodowski_2025,SRR28044229,B1,CSTR,65,0.0,,,79.0,37.0,1.0,26.0,1.0,7.0,0.0,123.0,1.0,2.0,0.0,,0.0,,0.0,6.5,30,4.0,,Defined Synthetic Media,Lactate + Acetate,0,0,0,0,0,202,0,2652,0,0,0,0,0,0,6286,1065,24066,0,64,0,0,4103,0,300,194,0,0,0,0,0,0,0,61,0,83,0,0,0,0,541,0,0,643,0,0,4377,0,0,0,0,0,0,0,700,131,0,647,0,902,0,0,0,4855,0,2952
Brodowski_2025,SRR28044228,B1,CSTR,80,0.0,,,50.0,2.0,1.0,37.0,1.0,3.0,0.0,139.0,2.0,2.0,0.0,,0.0,,0.0,6.5,30,4.0,,Defined Synthetic Media,Lactate + Acetate,0,0,0,0,0,144,0,520,0,0,0,0,0,0,5574,1090,24558,0,0,0,0,3618,0,0,513,0,0,0,0,0,0,0,49,0,0,0,0,0,0,323,0,0,648,0,0,10603,0,0,0,0,0,0,0,889,428,0,443,0,1048,0,0,0,611,0,6725
Brodowski_2025,SRR28044227,B1,CSTR,105,0.0,,,127.0,164.0,1.0,12.0,1.0,19.0,0.0,3.0,0.0,0.0,0.0,,0.0,,0.0,7.0,30,4.0,,Defined Synthetic Media,Lactate + Acetate,0,0,0,0,0,494,0,2502,0,0,0,0,0,0,3670,850,1346,0,0,0,0,76,0,47,217,0,0,0,0,0,0,0,200,0,407,0,0,0,0,650,0,0,511,0,0,5404,0,0,0,0,0,0,0,74,80,0,2032,0,1224,0,0,0,14789,0,6217
Brodowski_2025,SRR28044226,B1,CSTR,128,0.0,,,68.0,53.0,1.0,32.0,1.0,59.0,0.0,35.0,3.0,0.0,0.0,,0.0,,0.0,7.0,30,4.0,,Defined Synthetic Media,Lactate + Acetate,0,0,0,0,0,167,0,3870,0,0,0,0,0,0,4548,1622,1311,0,22,0,0,98,0,64,261,0,0,0,0,0,0,0,154,0,25,0,0,0,0,1167,0,0,973,0,0,4852,0,0,0,0,0,0,0,21,1611,0,2169,0,677,0,0,0,12082,0,5598
Brodowski_2025,SRR28044225,B1,CSTR,155,0.0,,,48.0,0.0,1.0,32.0,1.0,0.0,0.0,183.0,0.0,3.0,0.0,,0.0,,0.0,5.5,30,4.0,,Defined Synthetic Media,Lactate + Acetate,0,0,0,0,0,21,0,0,0,0,0,0,0,0,7855,1251,54119,0,0,0,0,18126,0,0,94,0,0,0,0,0,0,0,27,0,0,0,0,0,0,370,0,0,781,0,0,1746,0,0,0,0,0,0,0,70,253,0,135,0,258,0,0,0,44,0,3265
Brodowski_2025,SRR28044224,B2,CSTR,26,3.0,,,183.0,0.0,1.0,88.0,1.0,0.0,0.0,111.0,0.0,0.0,87.0,,0.0,,26.0,5.5,30,4.0,,Defined Synthetic Media,Lactate + Ethanol + Acetate,0,0,0,0,0,0,0,0,0,0,0,0,0,0,0,0,62444,0,0,0,0,4735,0,0,0,0,0,0,0,0,0,0,0,0,0,0,0,0,0,0,0,0,0,0,0,8230,0,0,0,0,0,0,0,0,860,0,0,0,12,0,0,0,0,0,2282
Brodowski_2025,SRR28044223,B2,CSTR,44,1.0,,,139.0,0.0,1.0,114.0,1.0,0.0,0.0,164.0,0.0,1.0,48.0,,0.0,,21.0,6.0,30,4.0,,Defined Synthetic Media,Lactate + Ethanol + Acetate,0,0,0,78,0,0,0,0,0,0,0,0,0,0,0,0,69357,0,0,0,0,3835,0,0,0,0,0,0,0,0,0,0,0,0,0,0,0,0,0,0,0,0,112,0,0,9535,0,0,0,0,0,0,0,233,4439,0,0,0,336,0,0,0,0,0,1454
Brodowski_2025,SRR28044222,B2,CSTR,54,1.0,,,91.0,0.0,1.0,223.0,1.0,1.0,0.0,233.0,0.0,1.0,0.0,,0.0,,5.0,6.0,30,4.0,,Defined Synthetic Media,Lactate + Ethanol + Acetate,0,0,0,20,0,0,0,0,0,0,0,0,0,0,0,128,55413,0,0,0,0,5597,0,0,0,0,0,0,0,0,0,0,0,78,0,0,0,0,0,0,0,0,14,0,0,20054,0,0,0,0,0,0,0,173,3647,0,0,0,2104,0,0,0,0,0,5425
Brodowski_2025,SRR28044234,B2,CSTR,80,2.0,,,56.0,0.0,1.0,194.0,1.0,0.0,0.0,234.0,0.0,2.0,0.0,,0.0,,3.0,6.5,30,4.0,,Defined Synthetic Media,Lactate + Ethanol + Acetate,0,0,0,0,0,179,0,0,0,0,0,0,0,0,1218,58,33107,0,0,0,0,2704,0,791,176,0,0,0,0,0,0,0,41,0,27,0,0,0,0,0,0,0,49,0,0,19614,0,0,0,0,0,0,0,133,553,0,207,0,2460,0,0,0,0,0,14833
Brodowski_2025,SRR28044233,B2,CSTR,114,7.0,,,124.0,179.0,2.0,122.0,1.0,21.0,0.0,29.0,0.0,0.0,63.0,,34.0,,15.0,7.0,30,4.0,,Defined Synthetic Media,Lactate + Ethanol + Acetate,0,0,0,116,0,501,0,24705,0,0,0,0,0,0,2135,372,1305,0,0,0,0,920,0,545,431,0,0,0,0,0,0,0,28,0,0,0,0,0,0,119,0,0,243,0,0,1562,0,0,0,0,0,0,0,769,59,0,826,0,2077,0,0,0,0,0,393
Brodowski_2025,SRR28044232,B2,CSTR,128,0.0,,,117.0,151.0,1.0,72.0,1.0,76.0,0.0,54.0,1.0,0.0,54.0,,23.0,,7.0,7.0,30,4.0,,Defined Synthetic Media,Lactate + Ethanol + Acetate,0,0,0,0,0,362,0,24184,0,0,0,0,0,0,507,312,6847,0,0,0,0,188,0,1239,474,0,0,0,0,0,0,0,83,0,0,0,0,0,0,266,0,0,201,0,0,234,0,0,0,0,0,0,0,129,19,0,1170,0,375,0,0,0,0,0,300
Brodowski_2025,SRR28044231,B2,CSTR,155,0.0,,,189.0,0.0,1.0,81.0,1.0,0.0,0.0,102.0,0.0,0.0,70.0,,0.0,,28.0,5.5,30,4.0,,Defined Synthetic Media,Lactate + Ethanol + Acetate,0,0,0,93,0,0,0,0,0,0,0,0,0,0,87,86,47399,0,0,0,0,3549,0,0,0,0,0,0,0,0,0,0,0,0,0,0,0,0,0,0,0,0,29,0,0,14130,0,0,0,0,0,0,0,62,439,0,60,0,116,0,0,0,18,0,6066
Duber_2024,SRR28047221,B1,CSTR,1,20.45,,0.2,16.72,0.0,0.0,3.59,0.0,0.0,0.0,9.81,0.0,0.0,0.0,0.0,0.0,0.0,0.76,5.5,30,5.0,,Complex Organic Waste,OFMSW,0,0,0,6,0,0,0,0,0,0,1934,0,0,0,82,126,20083,0,0,0,0,1893,0,0,0,0,0,0,0,0,0,0,0,0,0,0,0,0,0,0,0,0,76,0,0,779,0,0,0,16,0,0,0,0,63,0,0,0,8,0,0,0,0,0,1304
Duber_2024,SRR28047220,B1,CSTR,1,20.45,,0.2,16.72,0.0,0.0,3.59,0.0,0.0,0.0,9.81,0.0,0.0,0.0,0.0,0.0,0.0,0.76,5.5,30,5.0,,Complex Organic Waste,OFMSW,0,0,0,20,0,0,0,0,0,0,3619,0,0,0,81,180,28009,0,0,0,0,2736,0,0,4,0,0,0,0,0,0,0,0,0,0,28,0,0,0,0,0,0,78,0,0,1312,0,0,0,28,0,0,0,0,99,0,9,0,17,0,0,0,10,0,1599
Duber_2024,SRR28047209,B1,CSTR,1,20.45,,0.2,16.72,0.0,0.0,3.59,0.0,0.0,0.0,9.81,0.0,0.0,0.0,0.0,0.0,0.0,0.76,5.5,30,5.0,,Complex Organic Waste,OFMSW,0,0,0,17,0,0,0,0,0,0,2385,0,0,0,89,131,18790,0,0,0,0,2411,0,0,0,0,0,0,0,0,0,0,0,0,0,0,0,0,0,0,0,0,60,0,0,796,0,0,0,10,0,0,0,0,97,0,0,0,6,0,0,0,0,0,1258
Duber_2024,SRR28047198,B1,CSTR,37,107.6,,4.67,113.41,5.75,43.72,112.09,0.2899999999999999,6.36,0.62,116.94,0.59,0.0,0.0,0.0,1.45,0.0,3.51,5.5,30,5.0,,Complex Organic Waste,OFMSW,0,0,0,0,0,0,0,0,0,0,42,0,0,0,0,0,4328,0,378,0,161,465,22,0,0,0,0,0,0,0,0,207,0,0,0,3570,0,0,0,0,0,0,0,0,0,22,0,0,0,76,0,0,0,0,0,0,0,0,0,0,0,0,0,0,1140
Duber_2024,SRR28047187,B1,CSTR,37,107.6,,4.67,113.41,5.75,43.72,112.09,0.2899999999999999,6.36,0.62,116.94,0.59,0.0,0.0,0.0,1.45,0.0,3.51,5.5,30,5.0,,Complex Organic Waste,OFMSW,0,0,0,0,0,0,0,0,0,0,145,0,0,0,0,0,11091,0,676,0,307,1107,57,0,0,0,0,0,0,0,0,397,0,0,0,12576,0,0,0,0,0,0,0,0,0,41,0,0,0,231,0,0,0,0,0,0,0,0,0,0,0,0,0,0,2581
Duber_2024,SRR28047176,B1,CSTR,37,107.6,,4.67,113.41,5.75,43.72,112.09,0.2899999999999999,6.36,0.62,116.94,0.59,0.0,0.0,0.0,1.45,0.0,3.51,5.5,30,5.0,,Complex Organic Waste,OFMSW,0,0,0,0,0,0,0,0,0,0,76,0,0,0,0,0,8592,0,722,0,309,944,34,0,0,0,0,0,0,0,0,367,0,0,0,4886,0,0,0,0,0,0,0,0,0,46,0,0,0,203,0,0,0,0,0,0,0,0,0,0,0,0,0,0,2230
Duber_2024,SRR28047172,B1,CSTR,53,0.0,,4.4,116.66,38.62,54.7,210.8,2.16,14.82,1.54,98.12,0.85,,48.76,5.12,2.38,2.79,8.88,5.5,30,5.0,,Complex Organic Waste,OFMSW,0,0,0,0,0,0,0,0,0,0,281,0,0,0,0,0,13514,0,114,0,281,436,1172,0,0,0,0,0,0,0,0,450,0,0,0,7408,0,0,0,0,0,0,0,0,0,45,0,0,0,18,0,0,0,0,0,0,0,0,0,0,0,0,0,0,1369
Duber_2024,SRR28047171,B1,CSTR,53,0.0,,4.4,116.66,38.62,54.7,210.8,2.16,14.82,1.54,98.12,0.85,,48.76,5.12,2.38,2.79,8.88,5.5,30,5.0,,Complex Organic Waste,OFMSW,0,0,0,0,0,0,0,0,0,0,230,0,0,0,0,0,13900,0,104,0,207,386,923,0,0,0,0,0,0,0,0,454,0,0,0,8688,0,0,0,0,0,0,0,0,0,26,0,0,0,48,0,0,0,0,0,0,0,0,0,0,0,0,0,0,1816
Duber_2024,SRR28047170,B1,CSTR,53,0.0,,4.4,116.66,38.62,54.7,210.8,2.16,14.82,1.54,98.12,0.85,,48.76,5.12,2.38,2.79,8.88,5.5,30,5.0,,Complex Organic Waste,OFMSW,0,0,0,0,0,0,0,0,0,0,250,0,0,0,0,0,12041,0,105,0,229,366,1051,0,0,0,0,0,0,0,0,548,0,0,0,5707,0,0,0,0,0,0,0,0,0,27,0,0,0,34,0,0,0,0,0,0,0,0,0,0,0,0,0,0,1872
Duber_2024,SRR28047169,B1,CSTR,79,0.0,,167.57,182.81,200.58,5.08,47.62,2.64,11.55,1.65,4.29,0.0,0.0,49.14,,0.0,6.64,0.59,6.5,37,5.0,,Complex Organic Waste,OFMSW,0,0,0,5164,0,0,0,0,0,0,61,0,0,0,0,0,303,0,289,433,0,125,0,0,0,0,0,0,0,0,0,0,0,0,0,2035,0,0,0,0,0,0,0,0,0,0,0,0,0,0,0,0,0,0,0,0,0,0,0,0,0,0,0,0,37
Duber_2024,SRR28047219,B1,CSTR,79,0.0,,167.57,182.81,200.58,5.08,47.62,2.64,11.55,1.65,4.29,0.0,0.0,49.14,,0.0,6.64,0.59,6.5,37,5.0,,Complex Organic Waste,OFMSW,0,0,0,6116,0,0,0,0,0,0,68,0,0,0,0,0,401,0,322,445,18,112,0,0,0,0,0,0,0,0,0,0,0,0,0,2035,0,0,0,0,0,0,0,0,0,8,0,0,0,0,0,0,0,0,0,0,0,0,0,0,0,0,0,0,70
Duber_2024,SRR28047218,B1,CSTR,79,0.0,,167.57,182.81,200.58,5.08,47.62,2.64,11.55,1.65,4.29,0.0,0.0,49.14,,0.0,6.64,0.59,6.5,37,5.0,,Complex Organic Waste,OFMSW,0,0,0,2733,0,0,0,0,0,0,86,0,0,0,0,0,315,0,370,554,0,58,0,0,0,0,0,0,0,0,0,0,0,0,0,1265,0,0,0,0,0,0,0,0,0,0,0,0,0,0,0,0,0,0,0,0,0,0,0,0,0,0,0,0,76
Duber_2024,SRR28047217,B1,CSTR,105,0.0,,53.38,70.74,3.36,0.68,113.36,0.0,0.0,0.0,0.0,0.0,0.0,255.0,,0.0,5.34,4.7,6.5,50,5.0,,Complex Organic Waste,OFMSW,0,0,0,0,0,0,0,0,0,0,121,0,0,0,0,0,0,0,0,0,0,0,0,0,0,0,0,0,0,0,0,0,0,0,0,179,0,0,0,0,0,0,0,0,0,0,0,0,0,93,0,0,0,0,0,0,0,0,0,0,0,0,0,0,24
Duber_2024,SRR28047216,B1,CSTR,105,0.0,,53.38,70.74,3.36,0.68,113.36,0.0,0.0,0.0,0.0,0.0,0.0,255.0,,0.0,5.34,4.7,6.5,50,5.0,,Complex Organic Waste,OFMSW,0,0,0,106,0,0,0,0,0,0,92,0,0,0,0,0,0,0,0,0,0,0,0,0,0,0,0,0,0,0,0,0,0,0,0,375,0,0,0,0,0,0,0,0,0,0,0,0,0,82,0,0,0,0,0,0,0,0,0,0,0,0,0,0,0
Duber_2024,SRR28047215,B1,CSTR,105,0.0,,53.38,70.74,3.36,0.68,113.36,0.0,0.0,0.0,0.0,0.0,0.0,255.0,,0.0,5.34,4.7,6.5,50,5.0,,Complex Organic Waste,OFMSW,0,0,0,0,0,0,0,0,0,0,116,0,0,0,0,0,0,0,0,0,0,0,0,0,0,0,0,0,0,0,0,0,0,0,0,116,0,0,0,0,0,0,0,0,0,0,0,0,0,46,0,0,0,0,0,0,0,0,0,0,0,0,0,0,0
Duber_2024,SRR28047214,B1,CSTR,123,0.0,,0.61,110.91,14.98,60.56,151.49,0.54,18.31,0.0,45.25,0.59,0.0,130.84,,4.29,0.0,13.92,5.5,37,5.0,,Complex Organic Waste,OFMSW,0,0,0,70,0,0,0,0,0,0,1092,0,0,0,0,0,8343,0,68,0,0,3280,740,0,0,0,0,0,0,0,0,209,0,0,0,101,0,0,0,0,0,0,0,0,0,277,0,0,0,0,0,0,0,0,0,0,0,0,0,0,121,0,0,0,9569
Duber_2024,SRR28047213,B1,CSTR,123,0.0,,0.61,110.91,14.98,60.56,151.49,0.54,18.31,0.0,45.25,0.59,0.0,130.84,,4.29,0.0,13.92,5.5,37,5.0,,Complex Organic Waste,OFMSW,0,0,0,265,0,0,0,0,0,0,1426,0,0,0,0,0,9510,0,59,0,0,5056,1103,0,0,0,0,0,0,0,0,91,0,0,0,155,0,0,0,0,0,0,0,0,0,309,0,0,0,0,0,0,0,0,0,0,0,0,0,0,154,0,0,0,13545
Duber_2024,SRR28047212,B1,CSTR,123,0.0,,0.61,110.91,14.98,60.56,151.49,0.54,18.31,0.0,45.25,0.59,0.0,130.84,,4.29,0.0,13.92,5.5,37,5.0,,Complex Organic Waste,OFMSW,0,0,0,263,0,0,0,0,0,0,1095,0,0,0,0,0,7337,0,50,40,0,3584,773,0,0,0,0,0,0,0,0,172,0,0,0,138,0,0,0,0,0,0,0,0,0,340,0,0,0,0,0,0,0,0,0,0,0,0,0,0,178,0,0,0,11362
Duber_2024,SRR28047211,B1,CSTR,151,0.2,,1.73,109.11,46.73,9.26,151.17,1.52,71.18,0.62,170.3,6.67,2.16,15.89,,0.0,0.0,1.19,6.5,30,5.0,,Complex Organic Waste,OFMSW,0,0,0,4332,0,77,0,0,0,0,1211,0,0,0,0,0,3347,0,394,399,0,1166,52,0,0,0,0,0,0,153,0,0,0,0,0,589,0,0,0,0,0,0,0,0,0,165,0,0,0,0,0,0,0,0,0,0,0,0,0,0,30,0,0,0,124
Duber_2024,SRR28047210,B1,CSTR,151,0.2,,1.73,109.11,46.73,9.26,151.17,1.52,71.18,0.62,170.3,6.67,2.16,15.89,,0.0,0.0,1.19,6.5,30,5.0,,Complex Organic Waste,OFMSW,0,0,0,3184,0,113,0,0,0,0,1348,0,0,0,0,0,3580,0,598,508,0,1325,80,0,0,0,0,0,0,100,0,0,0,0,0,660,0,0,0,0,0,0,0,0,0,191,0,0,0,0,0,0,0,0,0,0,0,0,0,0,19,0,0,0,147
Duber_2024,SRR28047208,B1,CSTR,151,0.2,,1.73,109.11,46.73,9.26,151.17,1.52,71.18,0.62,170.3,6.67,2.16,15.89,,0.0,0.0,1.19,6.5,30,5.0,,Complex Organic Waste,OFMSW,0,0,0,4856,0,142,0,0,0,0,976,0,0,0,0,0,4512,0,737,499,0,1643,106,0,0,0,0,0,0,0,0,0,0,38,44,987,0,0,0,0,0,0,0,0,0,285,0,0,0,0,0,0,0,0,0,0,0,0,0,0,46,0,0,0,182
Duber_2024,SRR28047207,B1,CSTR,162,0.0,,0.3,100.02,46.41,12.58,129.57,0.98,84.16,0.77,209.92,10.38,3.0,7.68,,1.25,0.27,1.73,6.5,37,5.0,,Complex Organic Waste,OFMSW,0,0,0,5138,0,0,0,0,0,0,1289,0,0,0,0,0,7639,0,62,169,0,674,64,0,17,0,0,0,0,0,0,0,0,0,0,3214,0,0,0,0,0,0,0,0,0,0,0,0,0,114,0,0,0,0,0,0,0,0,0,0,147,0,0,0,182
Duber_2024,SRR28047206,B1,CSTR,162,0.0,,0.3,100.02,46.41,12.58,129.57,0.98,84.16,0.77,209.92,10.38,3.0,7.68,,1.25,0.27,1.73,6.5,37,5.0,,Complex Organic Waste,OFMSW,0,0,0,2288,0,0,0,0,0,0,2121,0,0,0,0,0,7122,0,83,319,0,1081,71,0,0,0,0,0,0,75,0,0,0,0,0,2471,0,0,0,0,0,0,0,0,0,11,0,0,0,24,0,0,0,0,0,0,0,0,0,0,146,0,0,0,279
Duber_2024,SRR28047205,B1,CSTR,162,0.0,,0.3,100.02,46.41,12.58,129.57,0.98,84.16,0.77,209.92,10.38,3.0,7.68,,1.25,0.27,1.73,6.5,37,5.0,,Complex Organic Waste,OFMSW,0,0,0,1861,0,0,0,0,0,0,2362,0,0,0,0,0,8077,0,176,447,0,1611,84,0,0,0,0,0,0,57,0,0,0,0,0,2306,0,0,0,0,0,0,0,0,0,33,0,0,0,54,0,0,0,0,0,0,0,0,0,0,198,0,0,0,422
Duber_2024,SRR28047204,B1,CSTR,168,0.0,,1.35,77.87,13.89,12.21,120.89,1.76,105.6,0.98,304.03,8.71,1.39,159.15,,6.39,0.27,3.02,6.5,37,5.0,,Complex Organic Waste,OFMSW,0,0,0,7330,0,0,0,0,0,0,1381,0,0,0,0,0,3834,0,0,175,0,1503,36,0,45,0,0,0,0,125,0,0,0,0,0,3572,0,0,0,0,0,0,0,0,0,0,0,0,0,350,0,0,0,0,0,0,0,0,0,0,240,0,0,0,556
Duber_2024,SRR28047203,B1,CSTR,168,0.0,,1.35,77.87,13.89,12.21,120.89,1.76,105.6,0.98,304.03,8.71,1.39,159.15,,6.39,0.27,3.02,6.5,37,5.0,,Complex Organic Waste,OFMSW,0,0,0,4646,0,0,0,0,0,0,1090,0,0,0,0,0,3286,0,0,367,0,2759,0,0,47,0,0,0,0,103,0,0,0,0,0,2822,0,0,0,0,0,0,0,0,0,24,0,0,0,136,0,0,0,0,0,0,0,0,0,0,345,0,0,0,354
Duber_2024,SRR28047202,B1,CSTR,168,0.0,,1.35,77.87,13.89,12.21,120.89,1.76,105.6,0.98,304.03,8.71,1.39,159.15,,6.39,0.27,3.02,6.5,37,5.0,,Complex Organic Waste,OFMSW,0,0,0,11026,0,0,0,0,0,0,1772,0,0,0,0,0,4011,0,0,395,0,2355,46,0,51,0,0,0,0,95,0,0,0,0,0,3053,0,0,0,0,0,0,0,0,0,19,0,0,0,242,0,0,0,0,0,0,0,0,0,0,273,0,0,0,600
Duber_2024,SRR28047201,B1,CSTR,172,140.91,,3.49,87.93,13.36,14.62,127.61,2.25,109.62,1.03,314.82,8.6,0.0,147.73,,6.59,0.27,3.13,6.5,37,5.0,,Complex Organic Waste,OFMSW,0,0,0,6406,0,0,0,0,0,0,527,0,0,0,0,0,350,0,672,330,0,461,0,0,32,0,0,0,0,69,0,0,0,0,0,3540,0,0,0,0,0,0,0,0,0,29,0,0,0,83,0,0,0,0,0,0,0,0,0,0,0,0,0,0,60
Duber_2024,SRR28047200,B1,CSTR,172,140.91,,3.49,87.93,13.36,14.62,127.61,2.25,109.62,1.03,314.82,8.6,0.0,147.73,,6.59,0.27,3.13,6.5,37,5.0,,Complex Organic Waste,OFMSW,0,0,0,3240,0,0,0,0,0,0,303,0,0,0,0,0,2578,0,0,261,0,2635,0,0,21,0,0,0,0,0,0,0,0,0,0,1172,0,0,0,0,0,0,0,0,0,34,0,0,0,71,0,0,0,0,0,0,0,0,0,0,111,0,0,0,145
Duber_2024,SRR28047199,B1,CSTR,172,140.91,,3.49,87.93,13.36,14.62,127.61,2.25,109.62,1.03,314.82,8.6,0.0,147.73,,6.59,0.27,3.13,6.5,37,5.0,,Complex Organic Waste,OFMSW,0,0,0,5778,0,0,0,0,0,0,679,0,0,0,0,0,2775,0,0,271,0,2824,0,0,0,0,0,0,0,0,0,0,0,0,0,1393,0,0,0,0,0,0,0,0,0,180,0,0,0,140,0,0,0,0,0,0,0,0,0,0,117,0,0,0,270
Duber_2024,SRR28047197,B2,CSTR,1,24.28,,0.2,15.99,0.0,0.0,4.13,0.0,0.0,0.0,9.4,0.54,0.0,0.0,0.0,0.0,0.0,0.76,5.5,30,5.0,,Complex Organic Waste,OFMSW,0,0,0,34,0,0,0,0,0,0,2915,0,0,0,0,57,19946,0,0,0,0,2148,0,0,0,0,0,0,0,0,0,0,0,0,0,32,0,0,0,0,0,0,0,0,0,1073,0,0,0,0,0,0,0,0,0,0,0,0,0,0,0,0,0,0,1251
Duber_2024,SRR28047196,B2,CSTR,1,24.28,,0.2,15.99,0.0,0.0,4.13,0.0,0.0,0.0,9.4,0.54,0.0,0.0,0.0,0.0,0.0,0.76,5.5,30,5.0,,Complex Organic Waste,OFMSW,0,0,0,59,0,0,0,0,0,0,2122,0,0,0,0,66,17243,0,0,0,0,2003,0,0,0,0,0,0,0,0,0,0,0,0,0,26,0,0,0,0,0,0,0,0,0,1042,0,0,0,0,0,0,0,0,36,0,0,0,0,0,0,0,0,0,1405
Duber_2024,SRR28047195,B2,CSTR,1,24.28,,0.2,15.99,0.0,0.0,4.13,0.0,0.0,0.0,9.4,0.54,0.0,0.0,0.0,0.0,0.0,0.76,5.5,30,5.0,,Complex Organic Waste,OFMSW,0,0,0,88,0,0,0,0,0,0,2660,0,0,0,0,58,23922,0,0,0,0,2129,0,0,0,0,0,0,0,0,0,0,0,58,0,52,0,0,0,0,0,0,0,0,0,1372,0,0,0,10,0,0,0,0,50,0,0,0,0,0,23,0,0,0,1635
Duber_2024,SRR28047194,B2,CSTR,37,19.12,,2.88,103.65,9.27,72.45,253.73,0.59,8.32,0.0,109.71,0.0,0.0,57.26,0.0,1.65,0.86,5.4,5.5,30,5.0,,Complex Organic Waste,OFMSW,0,0,0,0,0,0,0,0,0,0,264,0,0,0,0,0,7613,0,365,0,154,1325,25,0,0,0,0,0,0,0,0,136,0,0,0,14538,0,0,0,0,0,0,0,0,0,60,0,0,0,261,0,0,0,0,0,0,0,0,0,0,0,0,0,0,447
Duber_2024,SRR28047193,B2,CSTR,37,19.12,,2.88,103.65,9.27,72.45,253.73,0.59,8.32,0.0,109.71,0.0,0.0,57.26,0.0,1.65,0.86,5.4,5.5,30,5.0,,Complex Organic Waste,OFMSW,0,0,0,0,0,0,0,0,0,0,163,0,0,0,0,0,10924,0,514,0,130,1213,0,0,0,0,0,0,0,0,0,186,0,0,0,12678,0,0,0,0,0,0,0,0,0,56,0,0,0,127,0,0,0,0,0,0,0,0,0,0,0,0,0,0,652
Duber_2024,SRR28047192,B2,CSTR,37,19.12,,2.88,103.65,9.27,72.45,253.73,0.59,8.32,0.0,109.71,0.0,0.0,57.26,0.0,1.65,0.86,5.4,5.5,30,5.0,,Complex Organic Waste,OFMSW,0,0,0,247,0,0,0,0,0,0,242,0,0,0,0,0,9099,0,414,0,223,1617,0,0,0,0,0,0,0,0,0,163,0,0,0,14817,0,0,0,0,0,0,0,0,0,46,0,0,0,286,0,0,0,0,0,0,0,0,0,0,0,0,0,0,631
Duber_2024,SRR28047191,B2,CSTR,53,0.0,,1.08,96.78,15.82,42.62,225.72,1.61,8.66,1.28,120.46,0.71,0.0,36.51,4.71,1.68,2.75,8.449999999999998,5.5,30,5.0,,Complex Organic Waste,OFMSW,0,0,0,0,0,0,0,0,0,0,366,0,0,0,0,0,12391,0,28,0,143,367,1660,0,0,0,0,0,0,0,0,206,0,0,0,10815,0,0,0,0,0,0,0,0,0,21,0,0,0,0,0,0,0,0,0,0,0,0,0,0,0,0,0,0,2636
Duber_2024,SRR28047190,B2,CSTR,53,0.0,,1.08,96.78,15.82,42.62,225.72,1.61,8.66,1.28,120.46,0.71,0.0,36.51,4.71,1.68,2.75,8.449999999999998,5.5,30,5.0,,Complex Organic Waste,OFMSW,0,0,0,0,0,0,0,0,0,0,227,0,0,0,0,0,10756,0,59,0,219,439,2339,0,0,0,0,0,0,0,0,226,0,0,0,10359,0,0,0,0,0,0,0,0,0,19,0,0,0,23,0,0,0,0,0,0,0,0,0,0,0,0,0,0,2951
Duber_2024,SRR28047189,B2,CSTR,53,0.0,,1.08,96.78,15.82,42.62,225.72,1.61,8.66,1.28,120.46,0.71,0.0,36.51,4.71,1.68,2.75,8.449999999999998,5.5,30,5.0,,Complex Organic Waste,OFMSW,0,0,0,24,0,0,0,0,0,0,159,0,0,0,0,0,9625,0,48,0,300,576,2261,0,0,0,0,0,0,0,0,201,0,0,0,8132,0,0,0,0,0,0,0,0,0,21,0,0,0,0,0,0,0,0,0,0,0,0,0,0,0,0,0,0,2930
Duber_2024,SRR28047188,B2,CSTR,79,0.0,,2.34,126.93,8.42,83.35,152.9,1.08,17.18,1.03,125.88,2.26,0.0,45.8,,0.0,2.27,1.08,6.5,37,5.0,,Complex Organic Waste,OFMSW,0,0,0,0,0,0,0,0,0,0,866,0,0,0,0,0,7991,0,0,0,81,1262,710,0,0,0,0,0,0,0,0,173,0,0,0,10301,0,0,0,0,0,0,0,0,0,11,0,0,0,0,0,0,0,0,0,0,0,0,0,0,0,0,0,0,3392
Duber_2024,SRR28047186,B2,CSTR,79,0.0,,2.34,126.93,8.42,83.35,152.9,1.08,17.18,1.03,125.88,2.26,0.0,45.8,,0.0,2.27,1.08,6.5,37,5.0,,Complex Organic Waste,OFMSW,0,0,0,0,0,0,0,0,0,0,778,0,0,0,0,0,7183,0,0,0,56,621,214,0,0,0,0,0,0,0,0,98,0,0,0,7507,0,0,0,0,0,0,0,0,0,0,0,0,0,0,0,0,0,0,0,0,0,0,0,0,0,0,0,0,2739
Duber_2024,SRR28047185,B2,CSTR,79,0.0,,2.34,126.93,8.42,83.35,152.9,1.08,17.18,1.03,125.88,2.26,0.0,45.8,,0.0,2.27,1.08,6.5,37,5.0,,Complex Organic Waste,OFMSW,0,0,0,0,0,0,0,0,0,0,756,0,0,0,0,0,8488,0,0,0,115,978,429,0,0,0,0,0,0,0,0,166,0,0,0,8492,0,0,0,0,0,0,0,0,0,19,0,0,0,23,0,0,0,0,0,0,0,0,0,0,0,0,0,0,3899
Duber_2024,SRR28047184,B2,CSTR,105,265.23,,6.16,27.84,0.69,2.18,26.47,0.0,0.0,0.0,1.45,0.0,0.0,174.6,,0.0,1.46,0.0,6.5,50,5.0,,Complex Organic Waste,OFMSW,0,0,0,39,0,0,0,0,0,0,9439,0,0,0,0,0,186,0,0,0,90,208,0,0,0,0,0,0,0,0,0,0,0,0,0,4908,0,0,0,0,0,0,0,0,0,0,0,0,0,325,0,0,0,0,0,0,0,0,0,0,1041,0,0,0,61
Duber_2024,SRR28047183,B2,CSTR,105,265.23,,6.16,27.84,0.69,2.18,26.47,0.0,0.0,0.0,1.45,0.0,0.0,174.6,,0.0,1.46,0.0,6.5,50,5.0,,Complex Organic Waste,OFMSW,0,0,0,19,0,0,0,0,0,0,7300,0,0,0,0,0,115,0,0,0,0,147,0,0,0,0,0,0,0,0,0,0,0,0,0,2300,0,0,0,0,0,0,0,0,0,0,0,0,0,380,0,0,0,0,0,0,0,0,0,0,897,0,0,0,48
Duber_2024,SRR28047182,B2,CSTR,105,265.23,,6.16,27.84,0.69,2.18,26.47,0.0,0.0,0.0,1.45,0.0,0.0,174.6,,0.0,1.46,0.0,6.5,50,5.0,,Complex Organic Waste,OFMSW,0,0,0,161,0,0,0,0,0,0,14439,0,0,0,0,0,478,0,0,0,107,271,21,0,0,0,0,0,0,0,0,30,0,0,0,3140,0,0,0,0,0,0,0,0,0,0,0,0,0,539,0,0,0,0,0,0,0,0,0,0,1395,0,0,0,146
Duber_2024,SRR28047181,B2,CSTR,123,182.94,,6.0,24.85,0.61,1.95,79.17,0.0,0.0,0.0,0.88,0.0,3.27,191.8,,0.0,0.65,0.76,5.5,37,5.0,,Complex Organic Waste,OFMSW,0,0,0,32,0,0,0,0,0,0,10513,0,0,0,0,0,48,0,0,0,0,0,0,0,0,0,0,0,0,0,0,0,0,0,0,8506,0,0,0,0,0,0,0,0,0,0,0,0,0,136,0,0,0,0,0,0,0,0,0,0,2431,0,0,0,30
Duber_2024,SRR28047180,B2,CSTR,123,182.94,,6.0,24.85,0.61,1.95,79.17,0.0,0.0,0.0,0.88,0.0,3.27,191.8,,0.0,0.65,0.76,5.5,37,5.0,,Complex Organic Waste,OFMSW,0,0,0,23,0,0,0,0,0,0,9903,0,0,0,0,0,68,0,0,0,0,48,0,0,0,0,0,0,0,0,0,0,0,0,0,3206,0,0,0,0,0,0,0,0,0,0,0,0,0,82,0,0,0,0,0,0,0,0,0,0,3980,0,0,0,23
Duber_2024,SRR28047179,B2,CSTR,123,182.94,,6.0,24.85,0.61,1.95,79.17,0.0,0.0,0.0,0.88,0.0,3.27,191.8,,0.0,0.65,0.76,5.5,37,5.0,,Complex Organic Waste,OFMSW,0,0,0,196,0,0,0,0,0,0,9678,0,0,0,0,0,63,0,0,0,0,72,20,0,0,0,0,0,0,0,0,0,0,0,0,1933,0,0,0,0,0,0,0,0,0,0,0,0,0,77,0,0,0,0,0,0,0,0,0,0,4569,0,0,0,146
Duber_2024,SRR28047178,B2,CSTR,158,175.74,,7.38,24.58,0.0,1.77,52.21,0.0,0.0,0.0,0.0,0.0,0.0,170.74,,0.7,0.0,0.65,6.5,37,5.0,,Complex Organic Waste,OFMSW,0,0,0,0,0,0,0,0,0,0,12097,0,0,0,0,0,0,0,0,0,0,0,0,0,0,0,0,0,0,0,0,0,0,0,0,5477,0,0,0,0,0,0,0,0,0,0,0,0,0,308,0,0,0,0,0,0,0,0,0,0,3210,0,0,0,16
Duber_2024,SRR28047177,B2,CSTR,158,175.74,,7.38,24.58,0.0,1.77,52.21,0.0,0.0,0.0,0.0,0.0,0.0,170.74,,0.7,0.0,0.65,6.5,37,5.0,,Complex Organic Waste,OFMSW,0,0,0,65,0,0,0,0,0,0,12633,0,0,0,0,0,24,0,0,0,0,0,0,0,0,0,0,0,0,0,0,0,0,0,0,2355,0,0,0,0,0,0,0,0,0,0,0,0,0,173,0,0,0,0,0,0,0,0,0,0,3229,0,0,0,0
Duber_2024,SRR28047175,B2,CSTR,158,175.74,,7.38,24.58,0.0,1.77,52.21,0.0,0.0,0.0,0.0,0.0,0.0,170.74,,0.7,0.0,0.65,6.5,37,5.0,,Complex Organic Waste,OFMSW,0,0,0,26,0,0,0,0,0,0,15863,0,0,0,0,0,0,0,0,0,0,0,0,0,0,0,0,0,0,0,0,0,0,0,0,3501,0,0,0,0,0,0,0,0,0,0,0,0,0,202,0,0,0,0,0,0,0,0,0,0,4528,0,0,0,15
Brodowski_2022,SRR18962131,R2,Batch,0,150.0,,,150.0,0.0,,0.0,,0.0,,0.0,,,,,,,,5.5,30,,,Defined Synthetic Media,Lactate + Acetate,214,0,23,0,0,0,0,0,0,1977,0,0,0,0,0,0,43871,0,388,0,0,970,0,0,0,0,0,0,0,0,0,0,0,99,0,0,1499,64,126,0,716,0,0,902,0,584,0,0,0,0,4398,0,210,0,0,0,0,124,0,0,0,0,14,139,200
Brodowski_2022,SRR18962131,R3,Batch,0,240.0,,,60.0,0.0,,0.0,,0.0,,0.0,,,,,,,,5.5,30,,,Defined Synthetic Media,Lactate + Acetate,214,0,23,0,0,0,0,0,0,1977,0,0,0,0,0,0,43871,0,388,0,0,970,0,0,0,0,0,0,0,0,0,0,0,99,0,0,1499,64,126,0,716,0,0,902,0,584,0,0,0,0,4398,0,210,0,0,0,0,124,0,0,0,0,14,139,200
Brodowski_2022,SRR18962131,R4,Batch,0,300.0,,,0.0,0.0,,0.0,,0.0,,0.0,,,,,,,,5.5,30,,,Defined Synthetic Media,Lactate + Acetate,214,0,23,0,0,0,0,0,0,1977,0,0,0,0,0,0,43871,0,388,0,0,970,0,0,0,0,0,0,0,0,0,0,0,99,0,0,1499,64,126,0,716,0,0,902,0,584,0,0,0,0,4398,0,210,0,0,0,0,124,0,0,0,0,14,139,200
Brodowski_2022,SRR18962130,R2,Batch,6,0.0,,,137.0,6.0,,79.0,,0.0,,19.0,,,,,,,,5.5,30,,,Defined Synthetic Media,Lactate + Acetate,35341,0,0,0,0,0,0,171,0,60,0,866,0,0,0,0,274,0,77,0,0,217,0,948,0,0,0,0,0,0,0,0,0,0,0,41,42,0,105,0,0,0,0,0,0,584,0,0,0,0,247,0,112,0,0,0,0,0,0,0,0,0,232,48,93
Brodowski_2022,SRR18962129,R3,Batch,6,0.0,,,67.0,58.0,,93.0,,4.0,,3.0,,,,,,,,5.5,30,,,Defined Synthetic Media,Lactate + Acetate,32677,0,0,0,0,0,155,1464,0,140,0,1103,0,0,0,0,214,0,318,0,0,61,0,3660,64,0,68,0,0,0,0,0,0,0,0,12,25,0,45,0,0,0,0,0,0,1505,15,0,0,0,2163,0,48,0,0,0,0,0,0,0,0,0,627,42,237
Brodowski_2022,SRR18962128,R4,Batch,6,0.0,,,42.0,100.0,,65.0,,8.0,,4.0,,,,,,,,5.5,30,,,Defined Synthetic Media,Lactate + Acetate,5389,0,0,0,0,0,108,107,0,39,0,202,14,0,0,0,56,26,229,0,0,548,0,2116,0,0,80,0,0,0,0,0,0,0,0,15,10,0,0,0,11,0,0,0,0,981,0,0,0,0,693,0,12,0,0,0,0,0,0,0,0,0,1507,0,576
Brodowski_2022,SRR18962127,B1,CSTR,0,97.0,,,55.0,0.0,0.0,0.0,0.0,0.0,0.0,0.0,0.0,1.0,0.0,,0.0,,0.0,5.5,30,5.0,,Defined Synthetic Media,Lactate + Acetate,96,38,0,2052,0,0,0,0,0,5225,0,11,0,0,11,0,1436,0,1270,0,0,933,64,153,0,0,0,0,0,0,0,0,0,15,0,83,12754,62,0,0,0,0,0,0,0,154,130,0,0,0,1846,0,31,0,0,0,0,0,26,0,0,0,0,0,923
Brodowski_2022,SRR18962127,B2,CSTR,0,100.0,,,0.0,0.0,0.0,0.0,0.0,0.0,0.0,0.0,0.0,1.0,0.0,,0.0,,0.0,5.5,30,5.0,,Defined Synthetic Media,Lactate + Acetate,96,38,0,2052,0,0,0,0,0,5225,0,11,0,0,11,0,1436,0,1270,0,0,933,64,153,0,0,0,0,0,0,0,0,0,15,0,83,12754,62,0,0,0,0,0,0,0,154,130,0,0,0,1846,0,31,0,0,0,0,0,26,0,0,0,0,0,923
Brodowski_2022,SRR18962135,B2,CSTR,27,7.0,,,365.0,1.0,1.0,90.0,1.0,0.0,0.0,125.0,0.0,1.0,0.0,,0.0,,0.0,5.5,30,5.0,,Defined Synthetic Media,Lactate + Acetate,300,1878,2368,117,0,0,136,0,9,18,0,16,0,206,100,45,27903,0,0,0,0,407,0,0,0,92,0,0,0,0,0,0,0,105,0,0,0,0,0,0,578,0,0,0,73,1527,221,3,0,0,480,0,2251,0,0,0,11,0,79,0,0,0,0,3374,3712
Brodowski_2022,SRR18962134,B2,CSTR,39,7.0,,,407.0,1.0,1.0,91.0,2.0,1.0,0.0,140.0,0.0,1.0,0.0,,0.0,,0.0,5.5,30,5.0,,Defined Synthetic Media,Lactate + Acetate,296,2196,1502,79,0,16,434,0,40,0,0,51,0,270,88,0,20725,0,0,0,0,481,0,0,25,129,0,0,0,0,0,0,0,44,0,0,0,0,0,0,1197,0,0,0,116,1147,692,5,0,0,1834,0,2136,0,0,0,0,0,176,0,0,0,0,3024,872
Brodowski_2022,SRR18962133,B2,CSTR,52,8.0,,,430.0,0.0,1.0,71.0,1.0,0.0,0.0,153.0,0.0,0.0,0.0,,0.0,,0.0,5.5,30,5.0,,Defined Synthetic Media,Lactate + Acetate,665,482,5814,86,0,0,146,0,0,0,0,10,0,33,35,31,19579,0,21,0,0,142,0,0,0,48,0,0,0,0,0,0,0,0,0,0,0,0,0,0,1313,0,0,0,107,680,39,0,0,0,2990,0,4142,43,0,0,14,0,67,0,0,0,0,4650,201
Brodowski_2022,SRR18962132,B2,CSTR,65,4.0,,,358.0,1.0,1.0,76.0,1.0,1.0,0.0,136.0,0.0,0.0,0.0,,0.0,,0.0,5.5,30,5.0,,Defined Synthetic Media,Lactate + Acetate,4647,438,6049,793,0,0,74,0,0,0,0,23,0,56,101,0,15094,0,0,0,0,3739,459,0,11,31,0,0,0,0,0,0,0,0,0,0,0,0,0,0,746,0,0,0,111,359,0,3,0,0,5568,0,2457,41,0,0,0,0,25,0,0,0,0,1904,1019
Brodowski_2022,SRR18962136,B1,CSTR,65,4.0,,,391.0,0.0,1.0,120.0,1.0,0.0,0.0,118.0,0.0,0.0,0.0,,0.0,,0.0,5.5,30,5.0,,Defined Synthetic Media,Lactate + Acetate,590,534,7127,14,0,37,257,0,0,0,0,23,0,139,45,0,38318,0,0,0,0,968,0,0,25,115,0,0,0,0,0,0,0,15,0,0,0,0,0,444,866,0,0,0,70,1492,112,0,0,0,820,0,1886,147,0,0,0,0,108,0,0,0,0,2026,449
Duber_2022,SRR18079370,R1,Batch,0,0.0,,,0.0,0.0,,0.0,,0.0,,0.0,,,0.0,,,,,7.5,30,,,Defined Synthetic Media,Lactate + Lactose,0,0,0,1019,0,0,0,0,0,2375,0,43,10630,0,0,0,1098,0,0,0,0,1227,111,0,0,0,605,375,10,0,31,0,0,0,0,0,3208,1064,316,0,0,89,0,236,0,0,0,0,127,0,44,53,239,0,0,1902,0,25,0,265,0,0,0,17,517
Duber_2022,SRR18079370,R2,Batch,0,0.0,,,0.0,0.0,,0.0,,0.0,,0.0,,,0.0,,,,,7.5,30,,,Defined Synthetic Media,Lactate + Lactose,0,0,0,1019,0,0,0,0,0,2375,0,43,10630,0,0,0,1098,0,0,0,0,1227,111,0,0,0,605,375,10,0,31,0,0,0,0,0,3208,1064,316,0,0,89,0,236,0,0,0,0,127,0,44,53,239,0,0,1902,0,25,0,265,0,0,0,17,517
Duber_2022,SRR18079370,R3,Batch,0,0.0,,,0.0,0.0,,0.0,,0.0,,0.0,,,0.0,,,,,7.5,30,,,Defined Synthetic Media,Lactate + Lactose,0,0,0,1019,0,0,0,0,0,2375,0,43,10630,0,0,0,1098,0,0,0,0,1227,111,0,0,0,605,375,10,0,31,0,0,0,0,0,3208,1064,316,0,0,89,0,236,0,0,0,0,127,0,44,53,239,0,0,1902,0,25,0,265,0,0,0,17,517
Duber_2022,SRR18079370,R4,Batch,0,0.0,,,0.0,0.0,,0.0,,0.0,,0.0,,,0.0,,,,,7.5,30,,,Defined Synthetic Media,Ethanol + Lactose,0,0,0,1019,0,0,0,0,0,2375,0,43,10630,0,0,0,1098,0,0,0,0,1227,111,0,0,0,605,375,10,0,31,0,0,0,0,0,3208,1064,316,0,0,89,0,236,0,0,0,0,127,0,44,53,239,0,0,1902,0,25,0,265,0,0,0,17,517
Duber_2022,SRR18079370,R5,Batch,0,0.0,,,0.0,0.0,,0.0,,0.0,,0.0,,,0.0,,,,,7.5,30,,,Defined Synthetic Media,Ethanol + Lactose,0,0,0,1019,0,0,0,0,0,2375,0,43,10630,0,0,0,1098,0,0,0,0,1227,111,0,0,0,605,375,10,0,31,0,0,0,0,0,3208,1064,316,0,0,89,0,236,0,0,0,0,127,0,44,53,239,0,0,1902,0,25,0,265,0,0,0,17,517
Duber_2022,SRR18079370,R6,Batch,0,0.0,,,0.0,0.0,,0.0,,0.0,,0.0,,,0.0,,,,,7.5,30,,,Defined Synthetic Media,Ethanol + Lactose,0,0,0,1019,0,0,0,0,0,2375,0,43,10630,0,0,0,1098,0,0,0,0,1227,111,0,0,0,605,375,10,0,31,0,0,0,0,0,3208,1064,316,0,0,89,0,236,0,0,0,0,127,0,44,53,239,0,0,1902,0,25,0,265,0,0,0,17,517
Duber_2022,SRR18079370,R7,Batch,0,0.0,,,0.0,0.0,,0.0,,0.0,,0.0,,,0.0,,,,,7.5,30,,,Defined Synthetic Media,Lactate + Ethanol + Lactose,0,0,0,1019,0,0,0,0,0,2375,0,43,10630,0,0,0,1098,0,0,0,0,1227,111,0,0,0,605,375,10,0,31,0,0,0,0,0,3208,1064,316,0,0,89,0,236,0,0,0,0,127,0,44,53,239,0,0,1902,0,25,0,265,0,0,0,17,517
Duber_2022,SRR18079370,R8,Batch,0,0.0,,,0.0,0.0,,0.0,,0.0,,0.0,,,0.0,,,,,7.5,30,,,Defined Synthetic Media,Lactate + Ethanol + Lactose,0,0,0,1019,0,0,0,0,0,2375,0,43,10630,0,0,0,1098,0,0,0,0,1227,111,0,0,0,605,375,10,0,31,0,0,0,0,0,3208,1064,316,0,0,89,0,236,0,0,0,0,127,0,44,53,239,0,0,1902,0,25,0,265,0,0,0,17,517
Duber_2022,SRR18079370,R9,Batch,0,0.0,,,0.0,0.0,,0.0,,0.0,,0.0,,,0.0,,,,,7.5,30,,,Defined Synthetic Media,Lactate + Ethanol + Lactose,0,0,0,1019,0,0,0,0,0,2375,0,43,10630,0,0,0,1098,0,0,0,0,1227,111,0,0,0,605,375,10,0,31,0,0,0,0,0,3208,1064,316,0,0,89,0,236,0,0,0,0,127,0,44,53,239,0,0,1902,0,25,0,265,0,0,0,17,517
Duber_2022,SRR18079352,R1,Batch,22,0.67,,,38.33,44.6,,61.36,,16.67,,28.97,,,0.0,,,,,6.53,30,,,Defined Synthetic Media,Lactate + Lactose,0,90,0,271,5003,0,134,0,0,106,0,160,879,0,0,0,376,0,5033,0,0,106,0,79,0,0,0,325,0,0,0,0,0,0,0,0,0,0,0,3032,0,0,0,34,0,188,137,0,0,0,1332,0,195,0,0,0,0,0,2278,0,0,418,0,0,1957
Duber_2022,SRR18079368,R1,Batch,22,0.0,,,42.67,46.62,,64.09,,18.14,,25.35,,,0.0,,,,,6.71,30,,,Defined Synthetic Media,Lactate + Lactose,0,20,0,0,1221,0,393,0,0,97,0,258,445,0,0,0,361,0,1824,0,0,0,0,0,0,0,0,246,0,0,0,0,0,0,0,0,0,0,0,540,0,0,0,24,0,75,0,0,0,0,1740,0,99,0,0,0,0,0,2021,0,0,110,0,0,904
Duber_2022,SRR18079358,R2,Batch,22,178.33,,,22.67,6.49,,11.82,,0.49,,6.21,,,0.0,,,,,4.25,30,,,Defined Synthetic Media,Lactate + Lactose,0,0,0,75,928,0,0,0,0,79,0,0,201,0,0,0,89,0,0,0,0,22,0,0,0,0,66,36,0,0,0,0,0,0,0,130,0,0,0,96,0,0,0,0,0,0,0,0,0,0,1041,0,5451,0,0,433,0,0,35,0,0,58,0,0,15
Duber_2022,SRR18079357,R2,Batch,22,3.67,,,56.33,25.95,,35.0,,15.2,,95.69,,,0.0,,,,,5.52,30,,,Defined Synthetic Media,Lactate + Lactose,0,0,0,0,1289,0,0,0,0,73,0,0,381,0,0,0,109,0,0,0,0,0,0,0,0,0,44,43,0,0,0,0,0,0,0,271,0,0,0,121,0,0,0,0,0,0,0,0,0,0,1349,0,4767,0,0,297,0,0,26,0,0,99,0,0,21
Duber_2022,SRR18079363,R3,Batch,22,0.0,,,38.0,59.19,,18.18,,13.24,,3.62,,,0.0,,,,,7.5,30,,,Defined Synthetic Media,Lactate + Lactose,0,288,0,611,6288,0,320,0,0,423,0,1394,1512,0,0,106,502,0,57,0,0,49,0,165,0,374,0,371,0,0,0,0,0,0,140,0,0,0,0,308,0,0,0,0,0,474,0,0,0,0,21,0,0,0,0,0,0,82,2255,0,0,361,0,0,7310
Duber_2022,SRR18079362,R3,Batch,22,0.0,,,39.0,66.08,,19.09,,13.73,,2.07,,,0.0,,,,,6.95,30,,,Defined Synthetic Media,Lactate + Lactose,0,165,0,525,5163,0,91,0,0,136,0,950,2952,0,0,50,132,0,0,0,0,31,0,81,0,249,0,494,0,0,0,0,0,0,0,0,0,0,0,503,0,0,0,73,0,380,0,0,0,0,0,0,0,0,0,17,0,0,1475,0,0,98,0,0,4552
Duber_2022,SRR18079354,R4,Batch,22,0.0,,,98.0,4.46,,27.27,,0.0,,0.0,,,9.12,,,,,4.21,30,,,Defined Synthetic Media,Ethanol + Lactose,0,0,0,0,0,0,0,0,0,0,0,0,0,0,0,0,415,0,732,0,0,55,0,608,0,0,0,0,0,0,0,0,0,0,0,0,0,0,0,0,0,0,0,0,0,0,0,0,0,0,0,0,1139,0,0,184,0,0,0,0,0,406,0,0,268
Duber_2022,SRR18079353,R4,Batch,22,0.0,,,101.33,5.27,,28.18,,0.0,,0.52,,,7.38,,,,,4.24,30,,,Defined Synthetic Media,Ethanol + Lactose,0,0,0,0,0,0,0,0,0,0,0,0,0,0,0,0,195,0,8712,0,0,1497,0,1621,0,0,0,143,0,0,0,0,0,0,0,0,0,0,91,0,0,0,0,0,0,0,0,0,0,0,409,0,4893,0,0,0,0,0,0,0,0,675,0,0,1144
Duber_2022,SRR18079369,R5,Batch,22,0.0,,,124.0,6.08,,54.09,,0.49,,0.52,,,24.74,,,,,4.06,30,,,Defined Synthetic Media,Ethanol + Lactose,0,124,0,15,0,0,0,0,0,0,0,0,160,0,0,0,535,0,11334,0,0,10107,0,0,0,0,0,0,0,0,0,0,0,0,0,0,156,0,1918,0,0,0,0,0,0,0,0,0,0,0,331,0,0,0,0,0,0,0,0,0,0,0,0,0,561
Duber_2022,SRR18079359,R5,Batch,22,0.0,,,111.67,6.08,,45.91,,0.0,,0.0,,,24.74,,,,,4.08,30,,,Defined Synthetic Media,Ethanol + Lactose,0,228,0,0,293,0,26,0,0,25,0,96,185,0,0,0,307,0,10354,0,0,7749,0,0,0,95,0,0,0,0,0,0,0,0,0,0,65,0,1694,0,0,0,0,0,0,38,0,0,0,0,178,0,0,0,0,0,0,0,387,0,0,0,0,0,785
Duber_2022,SRR18079365,R6,Batch,22,0.0,,,44.33,27.97,,49.09,,0.49,,0.0,,,3.04,,,,,4.92,30,,,Defined Synthetic Media,Ethanol + Lactose,0,179,0,30,1378,0,310,0,0,238,0,1412,780,0,0,181,430,0,12,0,0,0,0,108,0,1610,0,491,0,0,0,0,0,0,0,0,0,0,0,0,0,0,118,0,0,251,0,0,0,0,0,0,0,0,0,0,0,0,6945,0,0,322,0,178,164
Duber_2022,SRR18079364,R6,Batch,22,0.0,,,33.67,21.49,,44.09,,0.0,,0.52,,,2.17,,,,,4.98,30,,,Defined Synthetic Media,Ethanol + Lactose,0,0,0,53,3186,0,500,0,0,301,0,2527,1488,0,0,12,395,0,37,0,0,144,0,169,0,2222,0,508,0,0,0,0,0,0,0,0,0,0,0,0,0,0,0,0,0,583,0,0,0,0,0,0,0,0,0,0,0,0,874,0,0,521,0,50,115
Duber_2022,SRR18079367,R7,Batch,22,0.0,,,80.33,27.97,,58.64,,6.37,,11.9,,,0.0,,,,,4.76,30,,,Defined Synthetic Media,Lactate + Ethanol + Lactose,0,0,0,304,0,0,0,0,0,35,0,31,103,0,0,0,239,0,9787,0,0,3816,0,939,0,0,0,213,0,0,0,0,0,0,0,0,0,0,0,0,0,0,0,0,0,13,0,0,0,0,574,0,612,0,0,0,0,0,0,0,0,197,0,0,1173
Duber_2022,SRR18079366,R7,Batch,22,0.0,,,81.67,25.14,,75.0,,5.88,,15.52,,,0.43,,,,,4.82,30,,,Defined Synthetic Media,Lactate + Ethanol + Lactose,0,0,0,305,0,0,0,0,0,0,0,0,0,0,0,0,58,0,4589,0,0,3322,0,664,0,0,0,150,0,0,0,0,0,0,0,0,0,0,0,0,0,0,0,0,0,17,0,0,0,0,201,0,3658,0,0,0,0,0,0,0,0,238,0,0,1009
Duber_2022,SRR18079356,R8,Batch,22,123.33,,,21.67,5.68,,16.82,,0.0,,0.52,,,41.24,,,,,3.9,30,,,Defined Synthetic Media,Lactate + Ethanol + Lactose,22152,0,0,0,0,0,0,0,0,0,0,0,0,0,0,0,118,0,0,0,0,0,44,0,0,0,0,0,0,0,0,0,0,0,0,1107,0,0,0,0,0,0,0,0,0,0,0,0,0,0,79,0,768,0,0,1530,0,0,0,0,0,432,0,0,873
Duber_2022,SRR18079355,R8,Batch,22,128.33,,,22.0,4.86,,14.55,,0.0,,0.0,,,47.32,,,,,3.84,30,,,Defined Synthetic Media,Lactate + Ethanol + Lactose,13692,0,0,0,0,0,0,0,0,0,0,0,0,0,0,0,93,0,0,0,0,28,0,0,0,0,0,0,0,0,0,0,0,0,0,1551,12,0,0,0,0,0,0,0,0,0,0,0,0,0,111,0,737,0,0,1681,0,0,0,0,0,552,0,0,749
Duber_2022,SRR18079361,R9,Batch,22,0.0,,,52.33,54.73,,22.27,,8.33,,1.55,,,0.0,,,,,5.35,30,,,Defined Synthetic Media,Lactate + Ethanol + Lactose,0,886,0,71,3773,0,730,0,0,193,0,1692,900,0,0,0,398,0,144,0,0,88,0,145,0,1070,0,634,0,0,0,0,0,16,0,0,0,0,0,0,0,0,0,0,0,529,0,0,0,0,0,0,0,0,0,0,0,65,7367,0,0,208,0,23,2427
Duber_2022,SRR18079360,R9,Batch,22,0.0,,,41.33,51.08,,27.27,,7.84,,2.07,,,0.0,,,,,5.47,30,,,Defined Synthetic Media,Lactate + Ethanol + Lactose,0,1006,0,0,3130,0,84,0,0,162,0,1066,839,0,0,0,253,0,54,0,0,34,0,69,0,594,0,369,0,0,0,0,0,0,80,0,0,0,0,162,0,0,0,0,0,455,0,0,0,0,0,0,0,0,0,0,0,36,3822,0,0,0,0,0,3086
Duber_2020,ERR3200162,B1,CSTR,0,12.22,58.58,,,,,,,,,,,,,,,,,5.5,30,,,Complex Organic Waste,Acid Whey,0,0,0,0,0,0,0,0,0,0,0,0,0,0,0,0,0,0,0,0,0,0,0,0,0,0,0,0,0,0,0,0,0,0,0,0,0,0,0,0,0,0,0,0,0,0,0,0,0,0,0,0,0,0,0,0,0,0,0,0,0,0,0,0,0
Duber_2020,ERR3200163,B1,CSTR,7,0.0,0.0,,63.91,39.09,1.5,46.11,4.21,39.15,0.0,24.81,10.97,0.0,0.31,0.0,7.42,0.26,0.0,5.45,30,20.0,92.0,Complex Organic Waste,Acid Whey,1706,0,0,37,0,0,51,13,0,0,0,0,0,0,0,0,0,22,756,0,0,0,0,186,0,0,0,221,0,0,0,0,0,0,0,31,0,197,0,0,21,0,0,0,0,270,0,0,0,0,0,0,138,0,0,0,0,0,0,0,0,0,0,0,0
Duber_2020,ERR3200164,B1,CSTR,14,0.0,0.0,,144.34,36.14,4.71,83.2,13.38,51.47,0.0,35.93,17.9,1.79,0.0,0.0,0.0,0.0,0.0,5.55,30,20.0,46.0,Complex Organic Waste,Acid Whey,691,0,0,0,39,0,59,0,0,0,0,0,0,0,0,0,0,13,640,0,0,0,0,116,0,0,0,344,0,0,0,0,0,0,0,0,0,52,0,0,195,0,0,0,0,138,0,0,0,0,0,0,54,0,0,39,0,0,41,0,0,0,7,0,0
Duber_2020,ERR3200165,B1,CSTR,35,4.06,0.0,,40.97,12.93,6.8,148.11,18.14,68.8,0.0,73.68,6.09,2.36,5.74,0.0,0.0,0.0,0.0,6.32,30,10.0,65.0,Complex Organic Waste,Acid Whey,73,0,0,0,271,0,13,0,0,0,0,23,0,0,0,0,0,0,129,0,0,0,0,0,0,0,0,186,0,0,0,0,0,0,0,0,22,0,0,0,1065,0,0,0,0,0,0,0,0,0,0,0,0,0,0,0,0,77,0,0,0,0,0,256,0
Duber_2020,ERR3200166,B1,CSTR,56,0.0,0.0,,305.03,10.78,4.86,293.74,13.95,43.17,0.0,102.58,7.44,1.1,0.0,0.0,0.0,0.0,0.0,5.43,30,5.0,28.0,Complex Organic Waste,Acid Whey,94,0,0,0,0,0,0,0,0,40,0,0,0,0,0,0,2598,0,241,0,0,8,0,32,0,0,0,705,0,0,0,0,0,0,0,25,876,0,0,0,6901,0,0,401,0,23,0,0,0,0,4763,0,26,0,0,37,0,169,0,0,0,0,0,1340,0
Duber_2020,ERR3200167,B1,CSTR,78,6.46,2.91,,617.23,15.08,3.69,504.14,6.49,29.42,0.0,85.12,0.0,0.0,5.94,54.58,0.0,0.0,0.48,5.43,30,2.5,80.0,Complex Organic Waste,Acid Whey,0,0,0,0,0,0,10,0,0,50,0,35,0,0,0,0,2070,0,104,0,0,431,0,0,0,0,0,179,0,0,0,0,0,0,0,59,1286,0,77,0,4677,0,0,1584,0,15,0,0,0,0,2878,0,45,0,0,0,0,63,24,0,0,0,0,346,0
Duber_2020,ERR3200168,B1,CSTR,107,663.18,6.1,,87.91,9.02,0.81,76.98999999999998,0.54,18.11,0.76,278.88,5.4,1.8,78.52,0.0,0.0,0.0,0.3,5.46,30,1.25,320.0,Complex Organic Waste,Acid Whey,0,0,0,0,0,0,0,0,0,507,0,0,0,0,0,0,6470,0,82,0,0,111,0,0,0,0,80,358,0,0,0,0,0,0,0,202,121,3,76,0,164,0,0,29666,0,16,0,0,0,0,11431,0,67,0,0,34,0,38,0,0,0,0,0,19,500
Duber_2020,ERR3200169,B1,CSTR,107,663.18,6.1,,87.91,9.02,0.81,76.98999999999998,0.54,18.11,0.76,278.88,5.4,1.8,78.52,0.0,0.0,0.0,0.3,5.46,30,1.25,320.0,Complex Organic Waste,Acid Whey,0,0,0,0,0,0,0,0,0,1444,0,0,0,0,0,0,645,0,0,0,0,0,0,0,0,0,53,103,0,0,0,0,0,0,0,0,0,17,0,0,0,0,0,33270,0,27,0,0,0,0,9878,0,0,0,0,0,0,0,0,0,0,0,12,0,0
Duber_2020,ERR3200170,B1,CSTR,125,186.8,0.0,,40.15,38.85,0.0,435.41,0.0,44.59,0.8,330.65,5.54,2.16,101.17,0.0,1.52,0.0,1.99,5.61,30,1.25,380.0,Complex Organic Waste,Acid Whey,0,0,0,0,0,0,0,0,0,777,0,0,0,0,0,0,2872,0,0,0,0,181,0,0,0,0,62,244,0,0,0,0,0,0,0,204,42,20,0,0,0,0,0,18409,0,178,0,0,0,0,10871,0,30,0,0,0,0,90,0,0,0,0,0,31,1476
Brodowski_2022_EXTERNAL_ACETATE,SRR13989653,B1,CSTR,0,87.0,,,0.0,0.0,0.0,0.0,0.0,0.0,0.0,0.0,0.0,0.0,0.0,,0.0,,0.0,5.5,30,,,Defined Synthetic Media,Lactate Only,262,336,18,15005,0,0,53,0,0,3481,0,0,0,6,85,0,1038,0,143,0,0,653,68,64,0,178,0,0,0,0,0,0,0,0,0,0,5211,71,0,0,13,0,0,0,0,629,138,0,0,0,15,0,126,0,0,0,0,0,89,0,0,0,88,0,2629
Brodowski_2022_EXTERNAL_ACETATE,SRR13989653,B2,CSTR,0,92.0,,,44.0,0.0,0.0,0.0,0.0,0.0,0.0,0.0,0.0,0.0,0.0,,0.0,,0.0,5.5,30,,,Defined Synthetic Media,Lactate + Acetate,262,336,18,15005,0,0,53,0,0,3481,0,0,0,6,85,0,1038,0,143,0,0,653,68,64,0,178,0,0,0,0,0,0,0,0,0,0,5211,71,0,0,13,0,0,0,0,629,138,0,0,0,15,0,126,0,0,0,0,0,89,0,0,0,88,0,2629
Brodowski_2022_EXTERNAL_ACETATE,SRR13989646,B1,CSTR,22,4.0,,,1.0,6.0,1.0,4.0,1.0,19.0,0.0,34.0,21.0,0.0,0.0,,0.0,,0.0,5.5,30,5.0,,Defined Synthetic Media,Lactate Only,33904,41,986,0,0,0,527,0,0,0,0,97,0,0,9,0,8158,30,0,0,0,448,0,13,0,301,0,0,0,0,0,0,0,0,0,0,0,0,0,0,0,0,0,0,0,874,0,0,0,0,534,0,354,27,0,0,0,0,0,0,0,0,0,618,141
Brodowski_2022_EXTERNAL_ACETATE,SRR13989645,B1,CSTR,48,3.0,,,6.0,5.0,1.0,5.0,1.0,17.0,0.0,123.0,26.0,5.0,0.0,,0.0,,0.0,5.5,30,5.0,,Defined Synthetic Media,Lactate Only,3630,101,19040,0,0,0,171,0,52,0,0,0,0,0,123,16,12072,0,0,0,0,895,0,0,0,19,0,0,0,0,0,0,0,18,0,0,0,0,0,0,1263,0,0,0,0,259,0,0,0,0,646,0,255,523,0,0,0,0,38,0,0,0,0,4528,304
Brodowski_2022_EXTERNAL_ACETATE,SRR13989644,B1,CSTR,72,44.0,,,1.0,0.0,1.0,37.0,1.0,4.0,0.0,215.0,7.0,4.0,0.0,,0.0,,0.0,5.5,30,5.0,,Defined Synthetic Media,Lactate Only,375,0,27583,0,0,0,11,0,53,0,0,0,0,38,94,0,14839,0,0,0,0,5332,0,0,16,0,0,0,0,0,0,0,0,42,0,0,0,0,0,0,973,0,0,0,0,3954,0,0,0,0,473,0,1257,347,0,0,0,0,18,0,0,0,0,3133,844
Brodowski_2022_EXTERNAL_ACETATE,SRR13989643,B1,CSTR,88,0.0,,,16.0,1.0,2.0,72.0,1.0,15.0,0.0,287.0,6.0,4.0,0.0,,0.0,,0.0,5.5,30,5.0,,Defined Synthetic Media,Lactate Only,124,13,17870,0,0,0,62,0,67,7,0,8,0,0,122,0,42449,30,0,0,0,1684,0,0,21,0,0,0,0,0,0,0,0,0,0,0,0,0,0,21,118,0,0,0,0,1092,0,0,0,0,685,0,806,658,0,0,12,0,35,0,0,0,0,1816,1430
Brodowski_2022_EXTERNAL_ACETATE,SRR13989642,B1,CSTR,107,685.0,,,2.0,1.0,1.0,46.0,1.0,9.0,0.0,212.0,4.0,5.0,0.0,,0.0,,0.0,5.5,30,5.0,,Defined Synthetic Media,Lactate Only,80,196,22856,0,0,0,172,0,67,199,0,28,0,41,800,11,6743,22,0,0,0,416,0,0,13,0,0,0,0,0,0,0,0,27,0,0,0,0,0,360,63,0,57,0,0,135,92,1,0,0,926,0,971,1585,0,0,91,0,55,0,0,0,85,279,722
Brodowski_2022_EXTERNAL_ACETATE,SRR13989641,B1,CSTR,112,125.0,,,6.0,0.0,2.0,217.0,1.0,12.0,0.0,343.0,4.0,4.0,0.0,,0.0,,0.0,5.5,30,5.0,,Defined Synthetic Media,Lactate Only,82,120,25422,0,0,0,183,0,34,112,0,0,0,39,788,0,10705,32,0,0,0,734,0,0,21,0,0,0,0,0,0,0,0,0,0,0,0,0,0,350,31,0,0,0,64,94,122,13,0,0,1006,0,461,2750,0,0,88,0,177,0,0,0,92,131,693
Brodowski_2022_EXTERNAL_ACETATE,SRR13989640,B1,CSTR,118,517.0,,,2.0,1.0,1.0,95.0,1.0,9.0,0.0,280.0,3.0,6.0,0.0,,0.0,,0.0,5.5,30,5.0,,Defined Synthetic Media,Lactate Only,179,140,35183,0,0,0,386,0,80,105,0,0,0,46,1231,44,3777,21,0,0,0,141,0,0,21,45,0,0,0,0,0,0,0,0,0,0,0,0,0,51,24,0,29,0,0,157,96,0,0,0,478,0,725,1814,0,0,52,0,212,0,0,0,61,80,326
Brodowski_2022_EXTERNAL_ACETATE,SRR13989639,B1,CSTR,140,0.0,,,0.0,0.0,0.0,305.0,0.0,2.0,0.0,318.0,0.0,1.0,0.0,,0.0,,0.0,5.5,30,5.0,,Defined Synthetic Media,Lactate + Acetate,50,32,14097,0,0,0,41,0,42,40,0,0,0,0,143,0,43316,0,0,0,0,32,0,5,0,0,0,0,0,0,0,0,0,0,0,0,0,0,0,0,0,0,0,0,0,50,0,0,0,0,347,0,395,681,0,0,0,0,20,0,0,0,0,12,130
Brodowski_2022_EXTERNAL_ACETATE,SRR13989652,B2,CSTR,22,5.0,,,58.0,0.0,1.0,56.0,1.0,0.0,0.0,161.0,0.0,2.0,0.0,,0.0,,0.0,5.5,30,5.0,,Defined Synthetic Media,Lactate + Acetate,16791,0,15416,0,0,0,264,0,0,0,0,0,0,0,43,0,14589,0,0,0,0,391,0,0,0,0,0,0,0,0,0,0,0,124,0,0,0,0,0,7,9,0,0,0,0,732,0,0,0,0,909,0,1148,12,0,0,0,0,0,0,0,0,0,319,1059
Brodowski_2022_EXTERNAL_ACETATE,SRR13989651,B2,CSTR,48,3.0,,,135.0,0.0,1.0,76.0,1.0,1.0,0.0,143.0,0.0,2.0,0.0,,0.0,,0.0,5.5,30,5.0,,Defined Synthetic Media,Lactate + Acetate,4514,10,6072,0,0,0,211,0,19,0,0,0,0,27,72,0,16319,0,0,0,0,356,0,0,0,0,0,0,0,0,0,0,0,104,0,0,0,0,0,0,1117,0,0,0,0,923,33,0,0,0,766,0,2211,58,0,0,0,0,27,0,0,0,0,6057,985
Brodowski_2022_EXTERNAL_ACETATE,SRR13989650,B2,CSTR,72,5.0,,,119.0,0.0,1.0,86.0,1.0,1.0,0.0,224.0,0.0,2.0,0.0,,0.0,,0.0,5.5,30,5.0,,Defined Synthetic Media,Lactate + Acetate,237,74,30336,0,0,0,45,0,52,0,0,0,0,20,96,0,25587,0,0,0,0,270,0,0,0,0,0,0,0,0,0,0,0,0,0,0,0,0,0,73,699,0,0,0,64,345,0,13,0,0,614,0,444,70,0,0,0,0,11,0,0,0,0,3456,384
Brodowski_2022_EXTERNAL_ACETATE,SRR13989649,B2,CSTR,88,0.0,,,114.0,1.0,1.0,68.0,1.0,2.0,0.0,384.0,0.0,3.0,0.0,,0.0,,0.0,5.5,30,5.0,,Defined Synthetic Media,Lactate + Acetate,58,300,34126,0,0,0,0,0,38,0,0,0,0,177,190,0,18059,0,0,0,0,858,0,0,0,0,0,0,0,0,0,0,0,0,0,0,0,0,0,60,3763,0,42,0,120,37,27,0,0,0,151,0,404,169,0,0,154,0,34,0,0,0,0,1784,335
Brodowski_2022_EXTERNAL_ACETATE,SRR13989648,B2,CSTR,118,322.0,,,92.0,1.0,1.0,57.0,0.0,1.0,0.0,354.0,0.0,2.0,0.0,,0.0,,0.0,5.5,30,5.0,,Defined Synthetic Media,Lactate + Acetate,25,243,37456,0,0,0,87,0,64,210,0,0,0,81,394,8,13831,0,0,0,0,27,0,0,0,0,0,0,0,0,0,0,0,0,0,0,0,0,0,63,120,0,64,0,0,891,45,2,0,0,1012,0,121,187,0,0,95,0,17,0,0,0,43,0,551
Brodowski_2022_EXTERNAL_ACETATE,SRR13989647,B2,CSTR,140,241.0,,,53.0,0.0,1.0,85.0,0.0,1.0,0.0,354.0,0.0,2.0,0.0,,0.0,,0.0,5.5,30,5.0,,Defined Synthetic Media,Lactate + Acetate,65,48,28426,0,0,0,123,0,38,0,0,0,0,26,340,0,38268,0,0,0,0,260,0,0,0,0,0,0,0,0,0,0,0,0,0,0,0,0,0,14,174,0,0,0,45,702,50,0,0,0,547,0,145,634,0,0,209,0,86,0,0,0,135,18,585
